Date,구장,원정팀,원정팀점수,홈팀점수,홈팀,원정팀결과,홈팀결과,비고
2010-03-06 13:00,대전,롯데,12,1,한화,승,패,시범경기
2010-03-07 13:00,대전,롯데,4,1,한화,승,패,시범경기
2010-03-09 13:00,대구,롯데,5,3,삼성,승,패,시범경기
2010-03-12 13:00,문학,롯데,2,1,SK,승,패,시범경기
2010-03-13 13:00,무등,롯데,8,6,기아,승,패,시범경기
2010-03-14 13:00,무등,롯데,1,2,기아,패,승,시범경기
2010-03-16 13:00,사직,LG,3,5,롯데,패,승,시범경기
2010-03-17 13:00,사직,LG,2,11,롯데,패,승,시범경기
2010-03-18 13:00,사직,넥센,3,5,롯데,패,승,시범경기
2010-03-19 13:00,사직,넥센,0,7,롯데,패,승,시범경기
2010-03-20 13:00,사직,두산,5,3,롯데,승,패,시범경기
2010-03-21 13:00,사직,두산,6,7,롯데,패,승,시범경기
2010-03-27 14:00,사직,넥센,3,2,롯데,승,패,정규시즌
2010-03-28 14:00,사직,넥센,11,3,롯데,승,패,정규시즌
2010-03-30 18:30,대전,롯데,3,13,한화,패,승,정규시즌
2010-04-02 18:30,무등,롯데,2,3,기아,패,승,정규시즌
2010-04-03 13:50,무등,롯데,2,4,기아,패,승,정규시즌
2010-04-04 17:00,무등,롯데,3,2,기아,승,패,정규시즌
2010-04-06 18:30,사직,LG,5,7,롯데,패,승,정규시즌
2010-04-07 18:30,사직,LG,0,6,롯데,패,승,정규시즌
2010-04-08 18:30,사직,LG,10,2,롯데,승,패,정규시즌
2010-04-09 18:30,사직,한화,15,14,롯데,승,패,정규시즌
2010-04-10 17:00,사직,한화,9,2,롯데,승,패,정규시즌
2010-04-11 14:00,사직,한화,9,10,롯데,패,승,정규시즌
2010-04-13 18:30,목동,롯데,9,0,넥센,승,패,정규시즌
2010-04-14 18:30,목동,롯데,5,6,넥센,패,승,정규시즌
2010-04-15 18:30,목동,롯데,6,0,넥센,승,패,정규시즌
2010-04-16 18:30,잠실,롯데,4,6,두산,패,승,정규시즌
2010-04-17 17:00,잠실,롯데,3,4,두산,패,승,정규시즌
2010-04-18 17:00,잠실,롯데,9,5,두산,승,패,정규시즌
2010-04-20 18:30,사직,기아,10,3,롯데,승,패,정규시즌
2010-04-21 18:30,사직,기아,9,6,롯데,승,패,정규시즌
2010-04-22 18:30,사직,기아,1,4,롯데,패,승,정규시즌
2010-04-23 18:30,문학,롯데,7,9,SK,패,승,정규시즌
2010-04-24 17:00,문학,롯데,1,2,SK,패,승,정규시즌
2010-04-25 17:00,문학,롯데,4,14,SK,패,승,정규시즌
2010-04-27 18:30,사직,넥센,2,10,롯데,패,승,정규시즌
2010-04-28 18:30,사직,넥센,5,6,롯데,패,승,정규시즌
2010-04-29 18:30,사직,넥센,2,5,롯데,패,승,정규시즌
2010-04-30 18:30,사직,기아,8,4,롯데,승,패,정규시즌
2010-05-01 17:00,사직,기아,15,7,롯데,승,패,정규시즌
2010-05-02 16:40,사직,기아,4,5,롯데,패,승,정규시즌
2010-05-04 18:30,대구,롯데,9,3,삼성,승,패,정규시즌
2010-05-05 14:00,대구,롯데,2,13,삼성,패,승,정규시즌
2010-05-06 18:30,대구,롯데,6,2,삼성,승,패,정규시즌
2010-05-07 18:30,사직,두산,7,13,롯데,패,승,정규시즌
2010-05-08 17:00,사직,두산,1,11,롯데,패,승,정규시즌
2010-05-09 14:00,사직,두산,11,1,롯데,승,패,정규시즌
2010-05-11 18:30,사직,SK,21,10,롯데,승,패,정규시즌
2010-05-12 18:30,사직,SK,2,1,롯데,승,패,정규시즌
2010-05-13 18:30,사직,SK,7,4,롯데,승,패,정규시즌
2010-05-14 18:30,잠실,롯데,4,3,LG,승,패,정규시즌
2010-05-15 17:00,잠실,롯데,13,4,LG,승,패,정규시즌
2010-05-16 17:00,잠실,롯데,2,15,LG,패,승,정규시즌
2010-05-19 18:30,군산,롯데,3,2,기아,승,패,정규시즌
2010-05-20 18:30,군산,롯데,9,4,기아,승,패,정규시즌
2010-05-21 17:00,사직,삼성,3,2,롯데,승,패,정규시즌
2010-05-25 18:30,사직,두산,7,10,롯데,패,승,정규시즌
2010-05-26 18:30,사직,두산,3,10,롯데,패,승,정규시즌
2010-05-27 18:30,사직,두산,10,6,롯데,승,패,정규시즌
2010-05-28 18:30,문학,롯데,5,4,SK,승,패,정규시즌
2010-05-29 17:00,문학,롯데,2,4,SK,패,승,정규시즌
2010-05-30 17:00,문학,롯데,4,11,SK,패,승,정규시즌
2010-06-01 18:30,사직,LG,6,5,롯데,승,패,정규시즌
2010-06-02 18:30,사직,LG,9,6,롯데,승,패,정규시즌
2010-06-03 18:30,사직,LG,2,11,롯데,패,승,정규시즌
2010-06-04 18:30,대구,롯데,5,3,삼성,승,패,정규시즌
2010-06-05 17:00,대구,롯데,10,2,삼성,승,패,정규시즌
2010-06-06 17:00,대구,롯데,10,1,삼성,승,패,정규시즌
2010-06-08 18:30,목동,롯데,2,2,넥센,무,무,정규시즌
2010-06-09 18:30,목동,롯데,13,3,넥센,승,패,정규시즌
2010-06-10 18:30,목동,롯데,10,5,넥센,승,패,정규시즌
2010-06-11 18:30,마산,한화,2,7,롯데,패,승,정규시즌
2010-06-12 16:00,사직,한화,0,7,롯데,패,승,정규시즌
2010-06-13 17:00,사직,한화,5,4,롯데,승,패,정규시즌
2010-06-15 18:30,사직,삼성,9,5,롯데,승,패,정규시즌
2010-06-16 18:30,사직,삼성,11,7,롯데,승,패,정규시즌
2010-06-17 16:30,사직,삼성,2,2,롯데,무,무,정규시즌
2010-06-18 18:30,잠실,롯데,4,7,LG,패,승,정규시즌
2010-06-19 17:00,잠실,롯데,8,9,LG,패,승,정규시즌
2010-06-20 17:00,잠실,롯데,10,5,LG,승,패,정규시즌
2010-06-22 18:30,마산,한화,2,3,롯데,패,승,정규시즌
2010-06-23 18:30,마산,한화,1,3,롯데,패,승,정규시즌
2010-06-24 18:30,마산,한화,5,9,롯데,패,승,정규시즌
2010-06-27 17:00,사직,SK,6,4,롯데,승,패,정규시즌
2010-06-29 18:30,대구,롯데,1,6,삼성,패,승,정규시즌
2010-06-30 18:30,대구,롯데,3,4,삼성,패,승,정규시즌
2010-07-01 18:30,대구,롯데,6,7,삼성,패,승,정규시즌
2010-07-03 17:00,잠실,롯데,14,13,LG,승,패,정규시즌
2010-07-04 17:00,잠실,롯데,6,2,LG,승,패,정규시즌
2010-07-06 18:30,마산,넥센,4,6,롯데,패,승,정규시즌
2010-07-07 18:30,마산,넥센,3,2,롯데,승,패,정규시즌
2010-07-08 18:30,마산,넥센,4,10,롯데,패,승,정규시즌
2010-07-09 18:30,사직,SK,4,5,롯데,패,승,정규시즌
2010-07-10 17:00,사직,SK,6,2,롯데,승,패,정규시즌
2010-07-13 18:30,목동,롯데,9,2,넥센,승,패,정규시즌
2010-07-14 18:30,목동,롯데,2,2,넥센,무,무,정규시즌
2010-07-15 18:30,목동,롯데,4,9,넥센,패,승,정규시즌
2010-07-18 17:00,잠실,롯데,1,3,두산,패,승,정규시즌
2010-07-20 18:30,대전,롯데,3,4,한화,패,승,정규시즌
2010-07-21 18:30,대전,롯데,0,1,한화,패,승,정규시즌
2010-07-22 18:30,대전,롯데,9,1,한화,승,패,정규시즌
2010-07-27 18:30,사직,기아,7,5,롯데,승,패,정규시즌
2010-07-29 18:30,사직,기아,12,5,롯데,승,패,정규시즌
2010-07-30 18:30,사직,LG,9,17,롯데,패,승,정규시즌
2010-07-31 17:00,사직,LG,8,10,롯데,패,승,정규시즌
2010-08-01 17:00,사직,LG,3,5,롯데,패,승,정규시즌
2010-08-03 18:30,잠실,롯데,7,1,두산,승,패,정규시즌
2010-08-04 18:30,잠실,롯데,4,13,두산,패,승,정규시즌
2010-08-05 18:30,잠실,롯데,4,1,두산,승,패,정규시즌
2010-08-06 18:30,대전,롯데,11,3,한화,승,패,정규시즌
2010-08-07 17:00,대전,롯데,4,12,한화,패,승,정규시즌
2010-08-08 17:00,대전,롯데,2,4,한화,패,승,정규시즌
2010-08-11 18:30,사직,삼성,2,8,롯데,패,승,정규시즌
2010-08-12 18:30,사직,삼성,10,7,롯데,승,패,정규시즌
2010-08-13 18:30,무등,롯데,2,7,기아,패,승,정규시즌
2010-08-14 17:00,무등,롯데,10,2,기아,승,패,정규시즌
2010-08-15 17:00,무등,롯데,2,3,기아,패,승,정규시즌
2010-08-17 18:30,문학,롯데,5,0,SK,승,패,정규시즌
2010-08-18 18:30,문학,롯데,9,5,SK,승,패,정규시즌
2010-08-19 18:30,문학,롯데,6,3,SK,승,패,정규시즌
2010-08-20 18:30,사직,두산,6,8,롯데,패,승,정규시즌
2010-08-21 17:00,사직,두산,4,14,롯데,패,승,정규시즌
2010-08-22 17:00,사직,두산,3,8,롯데,패,승,정규시즌
2010-08-24 18:30,사직,기아,7,5,롯데,승,패,정규시즌
2010-08-27 18:30,사직,두산,5,6,롯데,패,승,정규시즌
2010-08-28 17:00,사직,SK,10,5,롯데,승,패,정규시즌
2010-08-29 17:00,사직,SK,8,5,롯데,승,패,정규시즌
2010-09-01 18:30,사직,LG,8,7,롯데,승,패,정규시즌
2010-09-02 18:30,무등,롯데,6,1,기아,승,패,정규시즌
2010-09-03 18:30,무등,롯데,10,6,기아,승,패,정규시즌
2010-09-04 17:00,사직,삼성,1,2,롯데,패,승,정규시즌
2010-09-05 17:00,사직,삼성,12,5,롯데,승,패,정규시즌
2010-09-07 18:30,사직,넥센,4,3,롯데,승,패,정규시즌
2010-09-08 18:30,대구,롯데,4,3,삼성,승,패,정규시즌
2010-09-09 18:30,잠실,롯데,3,0,LG,승,패,정규시즌
2010-09-11 17:00,잠실,롯데,12,10,두산,승,패,정규시즌
2010-09-12 17:00,잠실,롯데,0,5,두산,패,승,정규시즌
2010-09-14 18:30,사직,SK,1,3,롯데,패,승,정규시즌
2010-09-15 18:30,사직,SK,5,6,롯데,패,승,정규시즌
2010-09-17 18:30,대전,롯데,2,7,한화,패,승,정규시즌
2010-09-18 17:00,대전,롯데,11,1,한화,승,패,정규시즌
2010-09-19 17:00,대전,롯데,7,1,한화,승,패,정규시즌
2010-09-24 18:30,사직,삼성,1,6,롯데,패,승,정규시즌
2010-09-25 17:00,목동,롯데,3,1,넥센,승,패,정규시즌
2010-09-29 18:00,잠실,롯데,10,5,두산,승,패,준플레이오프
2010-09-30 18:00,잠실,롯데,4,1,두산,승,패,준플레이오프
2010-10-02 14:00,사직,두산,6,5,롯데,승,패,준플레이오프
2010-10-03 14:00,사직,두산,11,4,롯데,승,패,준플레이오프
2010-10-05 18:00,잠실,롯데,4,11,두산,패,승,준플레이오프
2011-03-12 13:00,사직,SK,5,11,롯데,패,승,시범경기
2011-03-13 13:00,사직,SK,5,1,롯데,승,패,시범경기
2011-03-15 13:00,사직,두산,1,8,롯데,패,승,시범경기
2011-03-16 13:00,사직,두산,3,6,롯데,패,승,시범경기
2011-03-17 13:00,사직,넥센,4,8,롯데,패,승,시범경기
2011-03-18 13:00,사직,넥센,3,2,롯데,승,패,시범경기
2011-03-19 13:00,대전,롯데,2,3,한화,패,승,시범경기
2011-03-22 13:00,사직,기아,6,5,롯데,승,패,시범경기
2011-03-23 13:00,사직,기아,1,3,롯데,패,승,시범경기
2011-03-24 13:00,잠실,롯데,4,2,LG,승,패,시범경기
2011-03-25 13:00,잠실,롯데,4,5,LG,패,승,시범경기
2011-03-26 13:00,대구,롯데,4,1,삼성,승,패,시범경기
2011-03-27 13:00,대구,롯데,4,0,삼성,승,패,시범경기
2011-04-02 14:00,사직,한화,0,6,롯데,패,승,정규시즌
2011-04-03 14:00,사직,한화,3,1,롯데,승,패,정규시즌
2011-04-05 18:30,대구,롯데,10,3,삼성,승,패,정규시즌
2011-04-06 18:30,대구,롯데,0,1,삼성,패,승,정규시즌
2011-04-08 18:30,목동,롯데,0,3,넥센,패,승,정규시즌
2011-04-09 17:00,목동,롯데,6,12,넥센,패,승,정규시즌
2011-04-10 17:00,목동,롯데,5,1,넥센,승,패,정규시즌
2011-04-12 18:30,사직,두산,4,4,롯데,무,무,정규시즌
2011-04-13 18:30,사직,두산,10,2,롯데,승,패,정규시즌
2011-04-14 18:30,사직,두산,7,6,롯데,승,패,정규시즌
2011-04-15 18:30,잠실,롯데,2,8,LG,패,승,정규시즌
2011-04-16 17:00,잠실,롯데,3,4,LG,패,승,정규시즌
2011-04-17 17:00,잠실,롯데,4,1,LG,승,패,정규시즌
2011-04-19 18:30,대전,롯데,2,2,한화,무,무,정규시즌
2011-04-20 18:30,대전,롯데,2,4,한화,패,승,정규시즌
2011-04-21 18:30,대전,롯데,1,4,한화,패,승,정규시즌
2011-04-23 17:00,사직,SK,6,7,롯데,패,승,정규시즌
2011-04-24 17:00,사직,SK,9,7,롯데,승,패,정규시즌
2011-04-26 18:30,사직,LG,5,8,롯데,패,승,정규시즌
2011-04-27 18:30,사직,LG,15,7,롯데,승,패,정규시즌
2011-04-28 18:30,사직,LG,8,7,롯데,승,패,정규시즌
2011-04-29 18:30,무등,롯데,6,5,기아,승,패,정규시즌
2011-04-30 17:00,무등,롯데,1,4,기아,패,승,정규시즌
2011-05-01 17:00,무등,롯데,7,2,기아,승,패,정규시즌
2011-05-03 18:30,사직,삼성,1,5,롯데,패,승,정규시즌
2011-05-04 18:30,사직,삼성,4,6,롯데,패,승,정규시즌
2011-05-05 14:00,사직,삼성,7,0,롯데,승,패,정규시즌
2011-05-06 18:30,잠실,롯데,10,6,두산,승,패,정규시즌
2011-05-07 17:00,잠실,롯데,8,7,두산,승,패,정규시즌
2011-05-08 17:00,잠실,롯데,0,5,두산,패,승,정규시즌
2011-05-10 17:00,사직,넥센,3,4,롯데,패,승,정규시즌
2011-05-12 18:30,사직,넥센,0,4,롯데,패,승,정규시즌
2011-05-13 18:30,사직,기아,8,6,롯데,승,패,정규시즌
2011-05-14 17:00,사직,기아,3,8,롯데,패,승,정규시즌
2011-05-15 17:00,사직,기아,4,5,롯데,패,승,정규시즌
2011-05-17 18:30,문학,롯데,8,2,SK,승,패,정규시즌
2011-05-18 18:30,문학,롯데,2,4,SK,패,승,정규시즌
2011-05-19 18:30,문학,롯데,3,2,SK,승,패,정규시즌
2011-05-21 17:00,잠실,롯데,4,5,LG,패,승,정규시즌
2011-05-22 17:00,잠실,롯데,4,7,LG,패,승,정규시즌
2011-05-24 18:30,사직,삼성,3,4,롯데,패,승,정규시즌
2011-05-25 18:30,사직,삼성,3,3,롯데,무,무,정규시즌
2011-05-27 18:30,무등,롯데,3,11,기아,패,승,정규시즌
2011-05-28 17:00,무등,롯데,9,0,기아,승,패,정규시즌
2011-05-29 17:00,무등,롯데,5,7,기아,패,승,정규시즌
2011-05-31 18:30,사직,넥센,7,8,롯데,패,승,정규시즌
2011-06-01 18:30,사직,넥센,2,5,롯데,패,승,정규시즌
2011-06-02 18:30,사직,넥센,11,10,롯데,승,패,정규시즌
2011-06-03 18:30,사직,LG,7,5,롯데,승,패,정규시즌
2011-06-04 14:00,사직,LG,6,4,롯데,승,패,정규시즌
2011-06-05 17:00,사직,LG,5,11,롯데,패,승,정규시즌
2011-06-07 18:30,대구,롯데,1,9,삼성,패,승,정규시즌
2011-06-08 18:30,대구,롯데,4,12,삼성,패,승,정규시즌
2011-06-09 18:30,대구,롯데,13,7,삼성,승,패,정규시즌
2011-06-10 18:30,사직,한화,6,7,롯데,패,승,정규시즌
2011-06-11 17:00,사직,한화,9,3,롯데,승,패,정규시즌
2011-06-12 17:00,사직,한화,2,17,롯데,패,승,정규시즌
2011-06-14 18:30,문학,롯데,5,8,SK,패,승,정규시즌
2011-06-15 18:30,문학,롯데,1,4,SK,패,승,정규시즌
2011-06-16 18:30,문학,롯데,7,2,SK,승,패,정규시즌
2011-06-17 18:30,목동,롯데,1,8,넥센,패,승,정규시즌
2011-06-18 17:00,목동,롯데,3,7,넥센,패,승,정규시즌
2011-06-19 17:00,목동,롯데,10,4,넥센,승,패,정규시즌
2011-06-21 18:30,사직,두산,6,3,롯데,승,패,정규시즌
2011-06-23 18:30,사직,두산,9,5,롯데,승,패,정규시즌
2011-06-28 18:30,사직,기아,7,2,롯데,승,패,정규시즌
2011-06-29 18:30,사직,기아,7,2,롯데,승,패,정규시즌
2011-06-30 18:30,사직,기아,0,4,롯데,패,승,정규시즌
2011-07-01 18:30,대구,롯데,4,5,삼성,패,승,정규시즌
2011-07-02 17:00,대구,롯데,8,4,삼성,승,패,정규시즌
2011-07-05 18:30,잠실,롯데,6,2,두산,승,패,정규시즌
2011-07-06 18:30,잠실,롯데,4,1,두산,승,패,정규시즌
2011-07-08 18:30,문학,롯데,2,10,SK,패,승,정규시즌
2011-07-09 17:00,문학,롯데,1,2,SK,패,승,정규시즌
2011-07-12 18:30,사직,한화,3,11,롯데,패,승,정규시즌
2011-07-14 18:30,사직,한화,3,4,롯데,패,승,정규시즌
2011-07-15 18:30,사직,LG,6,10,롯데,패,승,정규시즌
2011-07-16 17:00,사직,LG,4,5,롯데,패,승,정규시즌
2011-07-17 17:00,사직,LG,4,0,롯데,승,패,정규시즌
2011-07-19 18:30,잠실,롯데,5,3,두산,승,패,정규시즌
2011-07-20 18:30,잠실,롯데,13,5,두산,승,패,정규시즌
2011-07-21 18:30,잠실,롯데,4,6,두산,패,승,정규시즌
2011-07-26 18:30,사직,SK,11,2,롯데,승,패,정규시즌
2011-07-28 18:30,사직,SK,4,6,롯데,패,승,정규시즌
2011-07-29 18:30,사직,두산,1,4,롯데,패,승,정규시즌
2011-07-30 17:00,사직,두산,6,8,롯데,패,승,정규시즌
2011-07-31 17:00,사직,두산,7,8,롯데,패,승,정규시즌
2011-08-02 18:30,대전,롯데,9,3,한화,승,패,정규시즌
2011-08-04 18:30,대전,롯데,9,1,한화,승,패,정규시즌
2011-08-05 18:30,사직,삼성,2,0,롯데,승,패,정규시즌
2011-08-06 17:00,사직,삼성,4,11,롯데,패,승,정규시즌
2011-08-07 17:00,사직,삼성,3,1,롯데,승,패,정규시즌
2011-08-09 18:30,사직,넥센,3,1,롯데,승,패,정규시즌
2011-08-10 18:30,사직,넥센,3,4,롯데,패,승,정규시즌
2011-08-11 18:30,사직,넥센,3,5,롯데,패,승,정규시즌
2011-08-13 17:00,잠실,롯데,4,6,LG,패,승,정규시즌
2011-08-14 17:00,잠실,롯데,4,1,LG,승,패,정규시즌
2011-08-16 18:30,무등,롯데,7,2,기아,승,패,정규시즌
2011-08-17 18:30,무등,롯데,9,3,기아,승,패,정규시즌
2011-08-18 18:30,무등,롯데,4,1,기아,승,패,정규시즌
2011-08-20 17:00,사직,SK,5,2,롯데,승,패,정규시즌
2011-08-21 17:00,사직,SK,1,9,롯데,패,승,정규시즌
2011-08-23 18:30,사직,기아,9,13,롯데,패,승,정규시즌
2011-08-24 18:30,사직,기아,4,12,롯데,패,승,정규시즌
2011-08-25 18:30,사직,기아,0,6,롯데,패,승,정규시즌
2011-08-26 18:30,목동,롯데,2,1,넥센,승,패,정규시즌
2011-08-27 17:00,목동,롯데,2,6,넥센,패,승,정규시즌
2011-08-28 17:00,목동,롯데,6,3,넥센,승,패,정규시즌
2011-08-30 18:30,사직,삼성,13,3,롯데,승,패,정규시즌
2011-08-31 18:30,사직,삼성,2,8,롯데,패,승,정규시즌
2011-09-01 18:30,사직,기아,1,2,롯데,패,승,정규시즌
2011-09-02 18:30,잠실,롯데,6,2,LG,승,패,정규시즌
2011-09-03 17:00,잠실,롯데,7,1,LG,승,패,정규시즌
2011-09-04 17:00,잠실,롯데,1,3,LG,패,승,정규시즌
2011-09-08 18:30,문학,롯데,2,2,SK,무,무,정규시즌
2011-09-09 18:30,문학,롯데,9,10,SK,패,승,정규시즌
2011-09-10 17:00,사직,넥센,6,7,롯데,패,승,정규시즌
2011-09-11 17:00,사직,넥센,2,2,롯데,무,무,정규시즌
2011-09-13 17:00,대구,롯데,5,0,삼성,승,패,정규시즌
2011-09-14 18:30,대구,롯데,5,8,삼성,패,승,정규시즌
2011-09-15 18:30,청주,롯데,12,7,한화,승,패,정규시즌
2011-09-16 18:30,청주,롯데,10,12,한화,패,승,정규시즌
2011-09-17 17:00,잠실,롯데,2,10,두산,패,승,정규시즌
2011-09-18 17:00,잠실,롯데,6,3,두산,승,패,정규시즌
2011-09-20 18:30,사직,SK,4,5,롯데,패,승,정규시즌
2011-09-21 18:30,사직,SK,6,2,롯데,승,패,정규시즌
2011-09-22 18:30,사직,SK,2,12,롯데,패,승,정규시즌
2011-09-24 17:00,대전,롯데,6,1,한화,승,패,정규시즌
2011-09-25 17:00,대전,롯데,3,4,한화,패,승,정규시즌
2011-09-30 18:30,사직,두산,3,6,롯데,패,승,정규시즌
2011-10-04 18:30,사직,한화,2,20,롯데,패,승,정규시즌
2011-10-05 18:30,사직,한화,3,6,롯데,패,승,정규시즌
2011-10-06 18:30,사직,한화,3,5,롯데,패,승,정규시즌
2011-10-16 14:00,사직,SK,7,6,롯데,승,패,플레이오프
2011-10-17 18:00,사직,SK,1,4,롯데,패,승,플레이오프
2011-10-19 18:00,문학,롯데,0,3,SK,패,승,플레이오프
2011-10-20 18:00,문학,롯데,2,0,SK,승,패,플레이오프
2011-10-23 14:00,사직,SK,8,4,롯데,승,패,플레이오프
2012-03-17 13:00,사직,두산,2,7,롯데,패,승,시범경기
2012-03-18 13:00,사직,두산,4,0,롯데,승,패,시범경기
2012-03-20 13:00,청주,롯데,9,2,한화,승,패,시범경기
2012-03-21 13:00,청주,롯데,6,7,한화,패,승,시범경기
2012-03-23 13:00,사직,기아,5,2,롯데,승,패,시범경기
2012-03-24 13:00,사직,LG,2,5,롯데,패,승,시범경기
2012-03-25 13:00,사직,LG,4,3,롯데,승,패,시범경기
2012-03-27 13:00,대구,롯데,2,5,삼성,패,승,시범경기
2012-03-28 13:00,대구,롯데,4,5,삼성,패,승,시범경기
2012-03-29 13:00,사직,넥센,8,4,롯데,승,패,시범경기
2012-03-31 13:00,사직,SK,3,2,롯데,승,패,시범경기
2012-04-01 13:00,사직,SK,9,2,롯데,승,패,시범경기
2012-04-07 13:55,사직,한화,1,4,롯데,패,승,정규시즌
2012-04-08 14:00,사직,한화,5,10,롯데,패,승,정규시즌
2012-04-11 18:30,잠실,롯데,8,3,LG,승,패,정규시즌
2012-04-12 18:30,잠실,롯데,0,4,LG,패,승,정규시즌
2012-04-13 18:30,사직,두산,6,1,롯데,승,패,정규시즌
2012-04-14 17:00,사직,두산,3,3,롯데,무,무,정규시즌
2012-04-15 14:00,사직,두산,0,5,롯데,패,승,정규시즌
2012-04-17 18:30,사직,SK,2,3,롯데,패,승,정규시즌
2012-04-18 18:30,사직,SK,8,2,롯데,승,패,정규시즌
2012-04-19 18:30,사직,SK,3,6,롯데,패,승,정규시즌
2012-04-20 18:30,무등,롯데,11,7,기아,승,패,정규시즌
2012-04-24 18:30,대구,롯데,6,2,삼성,승,패,정규시즌
2012-04-26 18:30,대구,롯데,3,6,삼성,패,승,정규시즌
2012-04-27 18:30,사직,LG,20,8,롯데,승,패,정규시즌
2012-04-28 17:00,사직,LG,3,5,롯데,패,승,정규시즌
2012-04-29 14:00,사직,LG,0,5,롯데,패,승,정규시즌
2012-05-01 18:30,목동,롯데,11,1,넥센,승,패,정규시즌
2012-05-02 18:30,목동,롯데,4,6,넥센,패,승,정규시즌
2012-05-03 18:30,목동,롯데,4,2,넥센,승,패,정규시즌
2012-05-04 18:30,문학,롯데,3,5,SK,패,승,정규시즌
2012-05-05 13:50,문학,롯데,3,1,SK,승,패,정규시즌
2012-05-06 14:00,문학,롯데,3,5,SK,패,승,정규시즌
2012-05-08 18:30,사직,삼성,2,1,롯데,승,패,정규시즌
2012-05-09 18:30,사직,삼성,3,0,롯데,승,패,정규시즌
2012-05-10 18:30,사직,삼성,2,2,롯데,무,무,정규시즌
2012-05-11 18:30,청주,롯데,9,15,한화,패,승,정규시즌
2012-05-12 17:00,대전,롯데,6,4,한화,승,패,정규시즌
2012-05-13 17:00,대전,롯데,1,7,한화,패,승,정규시즌
2012-05-15 18:30,사직,넥센,9,2,롯데,승,패,정규시즌
2012-05-16 18:30,사직,넥센,8,0,롯데,승,패,정규시즌
2012-05-17 18:30,사직,넥센,9,1,롯데,승,패,정규시즌
2012-05-18 18:30,사직,기아,4,5,롯데,패,승,정규시즌
2012-05-19 17:00,사직,기아,1,6,롯데,패,승,정규시즌
2012-05-20 17:00,사직,기아,4,6,롯데,패,승,정규시즌
2012-05-22 18:30,대구,롯데,1,5,삼성,패,승,정규시즌
2012-05-23 18:30,대구,롯데,4,3,삼성,승,패,정규시즌
2012-05-24 18:20,대구,롯데,2,7,삼성,패,승,정규시즌
2012-05-25 18:30,잠실,롯데,8,4,두산,승,패,정규시즌
2012-05-26 17:00,잠실,롯데,6,1,두산,승,패,정규시즌
2012-05-27 17:00,잠실,롯데,7,1,두산,승,패,정규시즌
2012-05-29 18:30,사직,LG,5,3,롯데,승,패,정규시즌
2012-05-30 18:30,사직,LG,2,3,롯데,패,승,정규시즌
2012-05-31 18:30,사직,LG,3,1,롯데,승,패,정규시즌
2012-06-01 18:30,사직,넥센,3,7,롯데,패,승,정규시즌
2012-06-02 17:00,사직,넥센,0,8,롯데,패,승,정규시즌
2012-06-03 17:00,사직,넥센,4,3,롯데,승,패,정규시즌
2012-06-05 18:30,대전,롯데,2,8,한화,패,승,정규시즌
2012-06-06 14:00,대전,롯데,2,3,한화,패,승,정규시즌
2012-06-07 18:30,대전,롯데,9,7,한화,승,패,정규시즌
2012-06-09 17:00,사직,기아,4,3,롯데,승,패,정규시즌
2012-06-10 17:00,사직,기아,3,6,롯데,패,승,정규시즌
2012-06-12 18:30,사직,두산,3,4,롯데,패,승,정규시즌
2012-06-13 18:30,사직,두산,7,1,롯데,승,패,정규시즌
2012-06-14 18:30,사직,두산,8,7,롯데,승,패,정규시즌
2012-06-15 18:30,목동,롯데,2,2,넥센,무,무,정규시즌
2012-06-16 17:00,목동,롯데,5,4,넥센,승,패,정규시즌
2012-06-17 17:00,목동,롯데,3,4,넥센,패,승,정규시즌
2012-06-19 18:30,문학,롯데,5,1,SK,승,패,정규시즌
2012-06-20 18:30,문학,롯데,1,3,SK,패,승,정규시즌
2012-06-21 18:30,문학,롯데,7,2,SK,승,패,정규시즌
2012-06-22 18:30,잠실,롯데,6,5,LG,승,패,정규시즌
2012-06-23 17:00,잠실,롯데,6,4,LG,승,패,정규시즌
2012-06-24 17:00,잠실,롯데,7,1,LG,승,패,정규시즌
2012-06-26 18:30,사직,한화,0,3,롯데,패,승,정규시즌
2012-06-27 18:30,사직,한화,2,9,롯데,패,승,정규시즌
2012-06-28 18:30,사직,한화,2,5,롯데,패,승,정규시즌
2012-06-29 18:30,잠실,롯데,1,6,두산,패,승,정규시즌
2012-06-30 17:00,잠실,롯데,1,5,두산,패,승,정규시즌
2012-07-01 17:00,잠실,롯데,2,7,두산,패,승,정규시즌
2012-07-03 18:30,사직,SK,4,6,롯데,패,승,정규시즌
2012-07-04 18:30,사직,SK,3,5,롯데,패,승,정규시즌
2012-07-07 17:00,사직,삼성,0,7,롯데,패,승,정규시즌
2012-07-08 17:00,사직,삼성,7,2,롯데,승,패,정규시즌
2012-07-12 18:30,무등,롯데,1,5,기아,패,승,정규시즌
2012-07-13 18:30,사직,한화,1,1,롯데,무,무,정규시즌
2012-07-17 18:30,목동,롯데,3,6,넥센,패,승,정규시즌
2012-07-18 18:30,목동,롯데,5,0,넥센,승,패,정규시즌
2012-07-19 18:30,목동,롯데,3,5,넥센,패,승,정규시즌
2012-07-24 18:30,대전,롯데,3,4,한화,패,승,정규시즌
2012-07-25 18:30,대전,롯데,1,10,한화,패,승,정규시즌
2012-07-26 18:30,대전,롯데,9,2,한화,승,패,정규시즌
2012-07-27 18:30,잠실,롯데,1,2,두산,패,승,정규시즌
2012-07-28 17:00,잠실,롯데,0,2,두산,패,승,정규시즌
2012-07-29 17:00,잠실,롯데,4,2,두산,승,패,정규시즌
2012-07-31 18:30,사직,기아,4,5,롯데,패,승,정규시즌
2012-08-01 18:30,사직,기아,13,4,롯데,승,패,정규시즌
2012-08-02 18:30,사직,기아,4,3,롯데,승,패,정규시즌
2012-08-03 18:30,사직,삼성,3,4,롯데,패,승,정규시즌
2012-08-04 17:00,사직,삼성,6,1,롯데,승,패,정규시즌
2012-08-05 17:00,사직,삼성,0,1,롯데,패,승,정규시즌
2012-08-07 18:30,잠실,롯데,5,6,LG,패,승,정규시즌
2012-08-08 18:30,잠실,롯데,6,5,LG,승,패,정규시즌
2012-08-09 18:30,잠실,롯데,6,1,LG,승,패,정규시즌
2012-08-11 17:00,무등,롯데,3,1,기아,승,패,정규시즌
2012-08-12 17:00,무등,롯데,4,2,기아,승,패,정규시즌
2012-08-14 18:30,사직,SK,2,5,롯데,패,승,정규시즌
2012-08-15 17:00,사직,SK,3,2,롯데,승,패,정규시즌
2012-08-16 18:30,사직,SK,6,5,롯데,승,패,정규시즌
2012-08-17 18:30,사직,넥센,2,0,롯데,승,패,정규시즌
2012-08-18 17:00,사직,넥센,4,5,롯데,패,승,정규시즌
2012-08-19 17:00,사직,넥센,1,4,롯데,패,승,정규시즌
2012-08-21 18:30,대구,롯데,5,3,삼성,승,패,정규시즌
2012-08-24 18:30,사직,두산,1,0,롯데,승,패,정규시즌
2012-08-25 17:00,사직,두산,1,2,롯데,패,승,정규시즌
2012-08-26 17:00,사직,두산,2,3,롯데,패,승,정규시즌
2012-08-29 18:30,문학,롯데,10,1,SK,승,패,정규시즌
2012-08-31 18:30,사직,LG,0,0,롯데,무,무,정규시즌
2012-09-01 17:00,사직,LG,7,3,롯데,승,패,정규시즌
2012-09-02 17:00,사직,LG,2,7,롯데,패,승,정규시즌
2012-09-04 18:30,사직,기아,2,4,롯데,패,승,정규시즌
2012-09-06 18:30,대전,롯데,0,2,한화,패,승,정규시즌
2012-09-07 18:30,사직,한화,2,5,롯데,패,승,정규시즌
2012-09-08 17:00,사직,한화,0,3,롯데,패,승,정규시즌
2012-09-10 18:30,사직,한화,1,7,롯데,패,승,정규시즌
2012-09-11 18:30,사직,두산,4,0,롯데,승,패,정규시즌
2012-09-12 18:30,무등,롯데,3,1,기아,승,패,정규시즌
2012-09-14 00:00,무등,롯데,8,8,기아,무,무,정규시즌
2012-09-14 15:00,무등,롯데,1,10,기아,패,승,정규시즌
2012-09-15 17:00,대구,롯데,2,3,삼성,패,승,정규시즌
2012-09-18 18:30,사직,SK,3,1,롯데,승,패,정규시즌
2012-09-19 18:30,사직,SK,7,0,롯데,승,패,정규시즌
2012-09-20 18:30,목동,롯데,1,3,넥센,패,승,정규시즌
2012-09-21 18:30,잠실,롯데,4,6,LG,패,승,정규시즌
2012-09-22 17:00,대구,롯데,1,6,삼성,패,승,정규시즌
2012-09-23 17:00,사직,LG,1,3,롯데,패,승,정규시즌
2012-09-24 18:30,대구,롯데,1,2,삼성,패,승,정규시즌
2012-09-27 18:30,사직,삼성,6,2,롯데,승,패,정규시즌
2012-09-28 18:30,대구,롯데,3,6,삼성,패,승,정규시즌
2012-09-30 17:00,군산,롯데,0,1,기아,패,승,정규시즌
2012-10-01 17:00,군산,롯데,0,10,기아,패,승,정규시즌
2012-10-02 18:30,군산,롯데,10,2,기아,승,패,정규시즌
2012-10-05 18:30,문학,롯데,8,3,SK,승,패,정규시즌
2012-10-06 17:00,문학,롯데,1,6,SK,패,승,정규시즌
2012-10-08 18:00,잠실,롯데,8,5,두산,승,패,준플레이오프
2012-10-09 18:00,잠실,롯데,2,1,두산,승,패,준플레이오프
2012-10-11 18:00,사직,두산,7,2,롯데,승,패,준플레이오프
2012-10-12 18:00,사직,두산,3,4,롯데,패,승,준플레이오프
2012-10-16 18:00,문학,롯데,1,2,SK,패,승,플레이오프
2012-10-17 18:00,문학,롯데,5,4,SK,승,패,플레이오프
2012-10-19 18:00,사직,SK,1,4,롯데,패,승,플레이오프
2012-10-20 14:00,사직,SK,2,1,롯데,승,패,플레이오프
2012-10-22 18:00,문학,롯데,3,6,SK,패,승,플레이오프
2013-03-09 13:00,사직,SK,1,2,롯데,패,승,시범경기
2013-03-10 13:00,사직,SK,6,3,롯데,승,패,시범경기
2013-03-12 13:00,사직,넥센,4,2,롯데,승,패,시범경기
2013-03-14 13:00,사직,삼성,5,3,롯데,승,패,시범경기
2013-03-15 13:00,사직,삼성,0,0,롯데,무,무,시범경기
2013-03-19 13:00,사직,LG,2,0,롯데,승,패,시범경기
2013-03-20 13:00,사직,LG,2,9,롯데,패,승,시범경기
2013-03-21 13:00,마산,롯데,3,6,NC,패,승,시범경기
2013-03-22 13:00,마산,롯데,1,2,NC,패,승,시범경기
2013-03-23 13:00,대전,롯데,1,2,한화,패,승,시범경기
2013-03-24 13:00,대전,롯데,7,0,한화,승,패,시범경기
2013-03-30 14:00,사직,한화,5,6,롯데,패,승,정규시즌
2013-03-31 14:00,사직,한화,5,6,롯데,패,승,정규시즌
2013-04-02 18:30,마산,롯데,4,0,NC,승,패,정규시즌
2013-04-03 18:30,마산,롯데,3,2,NC,승,패,정규시즌
2013-04-04 18:30,마산,롯데,5,1,NC,승,패,정규시즌
2013-04-05 18:30,사직,기아,9,3,롯데,승,패,정규시즌
2013-04-07 14:00,사직,기아,3,1,롯데,승,패,정규시즌
2013-04-12 18:30,잠실,롯데,3,3,두산,무,무,정규시즌
2013-04-13 17:00,잠실,롯데,2,7,두산,패,승,정규시즌
2013-04-14 14:00,잠실,롯데,6,7,두산,패,승,정규시즌
2013-04-16 18:30,사직,넥센,7,4,롯데,승,패,정규시즌
2013-04-17 18:30,사직,넥센,4,2,롯데,승,패,정규시즌
2013-04-18 18:30,사직,넥센,14,4,롯데,승,패,정규시즌
2013-04-19 18:30,대구,롯데,4,3,삼성,승,패,정규시즌
2013-04-21 14:00,대구,롯데,8,9,삼성,패,승,정규시즌
2013-04-24 18:30,사직,SK,7,8,롯데,패,승,정규시즌
2013-04-25 18:30,사직,SK,0,6,롯데,패,승,정규시즌
2013-04-26 18:30,잠실,롯데,4,5,LG,패,승,정규시즌
2013-04-27 17:00,잠실,롯데,2,1,LG,승,패,정규시즌
2013-04-28 14:00,잠실,롯데,0,4,LG,패,승,정규시즌
2013-04-30 18:30,대전,롯데,3,9,한화,패,승,정규시즌
2013-05-01 18:30,대전,롯데,4,3,한화,승,패,정규시즌
2013-05-02 18:30,대전,롯데,4,3,한화,승,패,정규시즌
2013-05-03 18:30,사직,삼성,10,3,롯데,승,패,정규시즌
2013-05-04 17:00,사직,삼성,5,3,롯데,승,패,정규시즌
2013-05-05 14:00,사직,삼성,6,1,롯데,승,패,정규시즌
2013-05-07 18:30,무등,롯데,3,0,기아,승,패,정규시즌
2013-05-08 18:30,무등,롯데,5,1,기아,승,패,정규시즌
2013-05-10 18:30,사직,LG,4,2,롯데,승,패,정규시즌
2013-05-11 17:00,사직,LG,3,4,롯데,패,승,정규시즌
2013-05-12 17:00,사직,LG,3,8,롯데,패,승,정규시즌
2013-05-14 18:30,사직,NC,2,2,롯데,무,무,정규시즌
2013-05-15 18:30,사직,NC,6,4,롯데,승,패,정규시즌
2013-05-16 18:30,사직,NC,8,5,롯데,승,패,정규시즌
2013-05-17 15:00,문학,롯데,3,4,SK,패,승,정규시즌
2013-05-18 17:00,문학,롯데,6,5,SK,승,패,정규시즌
2013-05-19 17:00,문학,롯데,11,5,SK,승,패,정규시즌
2013-05-24 18:30,목동,롯데,2,1,넥센,승,패,정규시즌
2013-05-25 17:00,목동,롯데,3,4,넥센,패,승,정규시즌
2013-05-26 17:00,목동,롯데,1,7,넥센,패,승,정규시즌
2013-05-28 18:30,사직,두산,3,8,롯데,패,승,정규시즌
2013-05-29 18:30,사직,두산,0,3,롯데,패,승,정규시즌
2013-05-30 18:30,사직,두산,6,8,롯데,패,승,정규시즌
2013-05-31 18:30,대구,롯데,10,0,삼성,승,패,정규시즌
2013-06-01 17:00,대구,롯데,2,1,삼성,승,패,정규시즌
2013-06-02 17:00,대구,롯데,3,5,삼성,패,승,정규시즌
2013-06-04 18:30,사직,기아,7,2,롯데,승,패,정규시즌
2013-06-05 18:30,사직,기아,3,6,롯데,패,승,정규시즌
2013-06-06 14:00,사직,기아,3,13,롯데,패,승,정규시즌
2013-06-07 18:30,잠실,롯데,4,7,LG,패,승,정규시즌
2013-06-08 17:00,잠실,롯데,0,6,LG,패,승,정규시즌
2013-06-09 17:00,잠실,롯데,8,2,LG,승,패,정규시즌
2013-06-12 18:30,사직,넥센,3,6,롯데,패,승,정규시즌
2013-06-13 18:30,사직,넥센,3,4,롯데,패,승,정규시즌
2013-06-14 18:30,사직,한화,5,9,롯데,패,승,정규시즌
2013-06-15 17:00,사직,한화,3,2,롯데,승,패,정규시즌
2013-06-16 17:00,사직,한화,3,4,롯데,패,승,정규시즌
2013-06-19 18:30,잠실,롯데,13,6,두산,승,패,정규시즌
2013-06-20 18:30,잠실,롯데,4,2,두산,승,패,정규시즌
2013-06-21 18:30,문학,롯데,4,5,SK,패,승,정규시즌
2013-06-22 17:00,문학,롯데,3,2,SK,승,패,정규시즌
2013-06-23 17:00,문학,롯데,5,8,SK,패,승,정규시즌
2013-06-26 18:30,사직,NC,2,3,롯데,패,승,정규시즌
2013-06-27 18:30,사직,NC,0,2,롯데,패,승,정규시즌
2013-07-02 18:30,사직,삼성,6,4,롯데,승,패,정규시즌
2013-07-03 18:30,사직,삼성,2,9,롯데,패,승,정규시즌
2013-07-06 18:00,무등,롯데,6,8,기아,패,승,정규시즌
2013-07-09 18:30,목동,롯데,1,3,넥센,패,승,정규시즌
2013-07-10 18:30,목동,롯데,6,2,넥센,승,패,정규시즌
2013-07-12 18:30,마산,롯데,1,2,NC,패,승,정규시즌
2013-07-13 18:00,마산,롯데,7,8,NC,패,승,정규시즌
2013-07-14 18:00,마산,롯데,1,10,NC,패,승,정규시즌
2013-07-16 18:30,사직,LG,5,3,롯데,승,패,정규시즌
2013-07-17 18:30,사직,LG,5,3,롯데,승,패,정규시즌
2013-07-23 18:30,대전,롯데,5,4,한화,승,패,정규시즌
2013-07-24 18:30,대전,롯데,6,5,한화,승,패,정규시즌
2013-07-25 18:30,대전,롯데,5,1,한화,승,패,정규시즌
2013-07-26 18:30,사직,SK,11,1,롯데,승,패,정규시즌
2013-07-27 18:00,사직,SK,4,7,롯데,패,승,정규시즌
2013-07-28 18:00,사직,SK,4,3,롯데,승,패,정규시즌
2013-07-30 18:30,사직,두산,2,6,롯데,패,승,정규시즌
2013-07-31 18:30,사직,두산,9,1,롯데,승,패,정규시즌
2013-08-01 18:30,사직,두산,8,3,롯데,승,패,정규시즌
2013-08-06 18:30,사직,기아,3,5,롯데,패,승,정규시즌
2013-08-07 18:30,사직,기아,1,7,롯데,패,승,정규시즌
2013-08-08 18:30,잠실,롯데,5,4,LG,승,패,정규시즌
2013-08-09 18:30,잠실,롯데,2,7,LG,패,승,정규시즌
2013-08-10 18:00,문학,롯데,0,6,SK,패,승,정규시즌
2013-08-11 18:00,문학,롯데,3,4,SK,패,승,정규시즌
2013-08-13 18:30,잠실,롯데,2,3,두산,패,승,정규시즌
2013-08-14 18:30,잠실,롯데,6,7,두산,패,승,정규시즌
2013-08-15 18:00,사직,넥센,6,1,롯데,승,패,정규시즌
2013-08-16 18:30,사직,넥센,3,9,롯데,패,승,정규시즌
2013-08-17 18:00,사직,NC,3,5,롯데,패,승,정규시즌
2013-08-18 18:00,사직,NC,6,6,롯데,무,무,정규시즌
2013-08-20 18:30,대전,롯데,4,0,한화,승,패,정규시즌
2013-08-21 18:30,대전,롯데,6,4,한화,승,패,정규시즌
2013-08-25 18:00,사직,삼성,5,2,롯데,승,패,정규시즌
2013-08-27 18:30,무등,롯데,7,2,기아,승,패,정규시즌
2013-08-28 18:30,무등,롯데,4,5,기아,패,승,정규시즌
2013-08-29 18:30,사직,한화,0,1,롯데,패,승,정규시즌
2013-08-30 18:30,사직,한화,4,6,롯데,패,승,정규시즌
2013-08-31 18:00,사직,LG,8,2,롯데,승,패,정규시즌
2013-09-01 17:00,사직,LG,3,2,롯데,승,패,정규시즌
2013-09-03 18:30,목동,롯데,5,4,넥센,승,패,정규시즌
2013-09-04 18:30,목동,롯데,2,5,넥센,패,승,정규시즌
2013-09-05 18:30,사직,SK,6,3,롯데,승,패,정규시즌
2013-09-10 18:30,마산,롯데,2,3,NC,패,승,정규시즌
2013-09-11 18:30,마산,롯데,2,0,NC,승,패,정규시즌
2013-09-12 18:30,대구,롯데,1,0,삼성,승,패,정규시즌
2013-09-13 18:30,대구,롯데,5,10,삼성,패,승,정규시즌
2013-09-14 17:00,사직,두산,11,4,롯데,승,패,정규시즌
2013-09-15 17:00,사직,두산,6,6,롯데,무,무,정규시즌
2013-09-17 18:30,사직,넥센,7,1,롯데,승,패,정규시즌
2013-09-18 17:00,사직,기아,3,12,롯데,패,승,정규시즌
2013-09-19 17:00,사직,NC,3,4,롯데,패,승,정규시즌
2013-09-22 17:00,목동,롯데,3,4,넥센,패,승,정규시즌
2013-09-23 18:30,잠실,롯데,10,3,두산,승,패,정규시즌
2013-09-24 18:30,무등,롯데,8,2,기아,승,패,정규시즌
2013-09-25 18:30,무등,롯데,1,7,기아,패,승,정규시즌
2013-09-26 18:30,무등,롯데,2,1,기아,승,패,정규시즌
2013-09-27 18:30,대구,롯데,4,3,삼성,승,패,정규시즌
2013-09-28 17:00,사직,한화,0,6,롯데,패,승,정규시즌
2013-09-30 18:30,사직,SK,1,7,롯데,패,승,정규시즌
2013-10-01 18:30,사직,LG,3,4,롯데,패,승,정규시즌
2013-10-02 18:30,사직,삼성,9,2,롯데,승,패,정규시즌
2013-10-03 17:00,사직,삼성,7,8,롯데,패,승,정규시즌
2013-10-04 18:30,사직,SK,2,7,롯데,패,승,정규시즌
2014-03-08 13:00,마산,롯데,5,1,NC,승,패,시범경기
2014-03-09 13:00,마산,롯데,14,6,NC,승,패,시범경기
2014-03-11 13:00,상동,두산,1,1,롯데,무,무,시범경기
2014-03-15 13:00,대구,롯데,3,6,삼성,패,승,시범경기
2014-03-16 13:00,대구,롯데,4,3,삼성,승,패,시범경기
2014-03-18 13:00,상동,LG,11,6,롯데,승,패,시범경기
2014-03-19 13:00,상동,LG,9,10,롯데,패,승,시범경기
2014-03-20 13:00,광주,롯데,1,3,기아,패,승,시범경기
2014-03-21 13:00,광주,롯데,1,7,기아,패,승,시범경기
2014-03-22 13:00,울산,한화,13,8,롯데,승,패,시범경기
2014-03-23 12:00,울산,한화,9,2,롯데,승,패,시범경기
2014-03-30 14:00,사직,한화,4,2,롯데,승,패,정규시즌
2014-03-31 18:30,사직,한화,2,11,롯데,패,승,정규시즌
2014-04-04 18:30,울산,삼성,2,4,롯데,패,승,정규시즌
2014-04-05 17:00,울산,삼성,4,6,롯데,패,승,정규시즌
2014-04-06 14:00,울산,삼성,7,1,롯데,승,패,정규시즌
2014-04-08 18:30,사직,LG,2,2,롯데,무,무,정규시즌
2014-04-09 18:30,사직,LG,7,4,롯데,승,패,정규시즌
2014-04-10 18:30,사직,LG,1,4,롯데,패,승,정규시즌
2014-04-11 18:30,광주,롯데,20,8,기아,승,패,정규시즌
2014-04-12 17:00,광주,롯데,0,3,기아,패,승,정규시즌
2014-04-13 14:00,광주,롯데,6,3,기아,승,패,정규시즌
2014-04-15 18:30,사직,NC,5,3,롯데,승,패,정규시즌
2014-04-16 18:30,사직,NC,8,7,롯데,승,패,정규시즌
2014-04-18 18:30,잠실,롯데,13,7,두산,승,패,정규시즌
2014-04-19 17:00,잠실,롯데,5,6,두산,패,승,정규시즌
2014-04-20 14:00,잠실,롯데,3,2,두산,승,패,정규시즌
2014-04-22 18:30,목동,롯데,9,10,넥센,패,승,정규시즌
2014-04-23 18:30,목동,롯데,10,2,넥센,승,패,정규시즌
2014-04-24 18:30,목동,롯데,3,10,넥센,패,승,정규시즌
2014-04-25 18:30,사직,SK,7,6,롯데,승,패,정규시즌
2014-04-26 17:00,사직,SK,4,5,롯데,패,승,정규시즌
2014-04-27 14:00,사직,SK,1,3,롯데,패,승,정규시즌
2014-04-30 18:30,대전,롯데,6,4,한화,승,패,정규시즌
2014-05-01 18:30,대전,롯데,0,3,한화,패,승,정규시즌
2014-05-03 17:00,문학,롯데,6,5,SK,승,패,정규시즌
2014-05-04 14:00,문학,롯데,16,4,SK,승,패,정규시즌
2014-05-05 14:00,문학,롯데,5,9,SK,패,승,정규시즌
2014-05-06 14:00,사직,두산,10,19,롯데,패,승,정규시즌
2014-05-07 18:30,사직,두산,6,10,롯데,패,승,정규시즌
2014-05-08 18:30,사직,두산,15,6,롯데,승,패,정규시즌
2014-05-09 18:30,마산,롯데,3,1,NC,승,패,정규시즌
2014-05-10 17:00,마산,롯데,2,4,NC,패,승,정규시즌
2014-05-11 14:00,마산,롯데,1,10,NC,패,승,정규시즌
2014-05-13 18:30,잠실,롯데,0,5,LG,패,승,정규시즌
2014-05-14 18:30,잠실,롯데,1,2,LG,패,승,정규시즌
2014-05-15 18:30,잠실,롯데,9,4,LG,승,패,정규시즌
2014-05-16 18:30,사직,넥센,3,4,롯데,패,승,정규시즌
2014-05-17 17:00,사직,넥센,14,2,롯데,승,패,정규시즌
2014-05-18 14:00,사직,넥센,6,11,롯데,패,승,정규시즌
2014-05-20 18:30,포항,롯데,2,7,삼성,패,승,정규시즌
2014-05-21 18:30,포항,롯데,5,7,삼성,패,승,정규시즌
2014-05-22 18:30,포항,롯데,5,6,삼성,패,승,정규시즌
2014-05-23 18:30,울산,기아,2,3,롯데,패,승,정규시즌
2014-05-24 17:00,울산,기아,4,1,롯데,승,패,정규시즌
2014-05-25 14:00,울산,기아,7,5,롯데,승,패,정규시즌
2014-05-30 18:30,잠실,롯데,1,6,두산,패,승,정규시즌
2014-05-31 17:00,잠실,롯데,23,1,두산,승,패,정규시즌
2014-06-01 17:00,잠실,롯데,14,5,두산,승,패,정규시즌
2014-06-05 18:30,사직,한화,1,10,롯데,패,승,정규시즌
2014-06-06 17:00,문학,롯데,4,7,SK,패,승,정규시즌
2014-06-07 17:00,문학,롯데,4,0,SK,승,패,정규시즌
2014-06-08 17:00,문학,롯데,3,0,SK,승,패,정규시즌
2014-06-10 18:30,사직,LG,5,2,롯데,승,패,정규시즌
2014-06-11 18:30,사직,LG,1,4,롯데,패,승,정규시즌
2014-06-13 18:30,사직,기아,6,8,롯데,패,승,정규시즌
2014-06-14 17:00,사직,기아,4,6,롯데,패,승,정규시즌
2014-06-15 17:00,사직,기아,8,4,롯데,승,패,정규시즌
2014-06-17 18:30,마산,롯데,5,10,NC,패,승,정규시즌
2014-06-18 18:30,마산,롯데,2,5,NC,패,승,정규시즌
2014-06-19 18:30,마산,롯데,7,5,NC,승,패,정규시즌
2014-06-24 18:30,대전,롯데,5,6,한화,패,승,정규시즌
2014-06-25 18:30,대전,롯데,9,3,한화,승,패,정규시즌
2014-06-26 18:30,대전,롯데,10,9,한화,승,패,정규시즌
2014-06-27 18:30,사직,NC,7,8,롯데,패,승,정규시즌
2014-06-28 17:00,사직,NC,1,4,롯데,패,승,정규시즌
2014-06-29 17:00,사직,NC,0,9,롯데,패,승,정규시즌
2014-07-01 18:30,목동,롯데,7,12,넥센,패,승,정규시즌
2014-07-02 18:30,목동,롯데,3,7,넥센,패,승,정규시즌
2014-07-03 18:30,목동,롯데,9,10,넥센,패,승,정규시즌
2014-07-04 18:30,사직,SK,2,6,롯데,패,승,정규시즌
2014-07-05 18:00,사직,SK,7,8,롯데,패,승,정규시즌
2014-07-07 18:30,사직,SK,10,3,롯데,승,패,정규시즌
2014-07-08 18:30,대구,롯데,0,4,삼성,패,승,정규시즌
2014-07-09 18:30,대구,롯데,4,5,삼성,패,승,정규시즌
2014-07-10 18:30,대구,롯데,5,2,삼성,승,패,정규시즌
2014-07-11 18:30,광주,롯데,12,5,기아,승,패,정규시즌
2014-07-12 18:00,광주,롯데,4,5,기아,패,승,정규시즌
2014-07-13 18:00,광주,롯데,2,0,기아,승,패,정규시즌
2014-07-16 18:30,사직,넥센,4,3,롯데,승,패,정규시즌
2014-07-22 18:30,사직,삼성,5,3,롯데,승,패,정규시즌
2014-07-23 18:30,사직,삼성,15,12,롯데,승,패,정규시즌
2014-07-24 18:30,사직,삼성,17,1,롯데,승,패,정규시즌
2014-07-26 18:00,잠실,롯데,2,6,LG,패,승,정규시즌
2014-07-27 18:00,잠실,롯데,4,3,LG,승,패,정규시즌
2014-07-28 18:30,잠실,롯데,3,5,LG,패,승,정규시즌
2014-07-29 18:30,사직,두산,12,1,롯데,승,패,정규시즌
2014-07-30 18:30,사직,두산,1,3,롯데,패,승,정규시즌
2014-07-31 18:30,사직,두산,3,13,롯데,패,승,정규시즌
2014-08-05 18:30,사직,NC,3,1,롯데,승,패,정규시즌
2014-08-06 18:30,사직,NC,4,10,롯데,패,승,정규시즌
2014-08-08 18:30,대구,롯데,9,10,삼성,패,승,정규시즌
2014-08-09 18:00,광주,롯데,3,7,기아,패,승,정규시즌
2014-08-10 18:00,광주,롯데,3,6,기아,패,승,정규시즌
2014-08-12 18:30,사직,넥센,10,1,롯데,승,패,정규시즌
2014-08-13 18:30,사직,넥센,8,5,롯데,승,패,정규시즌
2014-08-14 18:30,대전,롯데,9,4,한화,승,패,정규시즌
2014-08-15 18:00,대전,롯데,6,8,한화,패,승,정규시즌
2014-08-16 18:00,잠실,롯데,2,9,두산,패,승,정규시즌
2014-08-17 18:00,잠실,롯데,4,7,두산,패,승,정규시즌
2014-08-19 18:30,울산,한화,10,7,롯데,승,패,정규시즌
2014-08-23 18:00,사직,LG,3,0,롯데,승,패,정규시즌
2014-08-24 18:00,사직,LG,6,5,롯데,승,패,정규시즌
2014-08-26 18:30,사직,삼성,10,7,롯데,승,패,정규시즌
2014-08-27 18:30,사직,삼성,4,11,롯데,패,승,정규시즌
2014-08-28 18:30,사직,기아,5,6,롯데,패,승,정규시즌
2014-08-29 18:30,사직,기아,9,5,롯데,승,패,정규시즌
2014-08-30 18:00,잠실,롯데,2,3,LG,패,승,정규시즌
2014-08-31 18:00,잠실,롯데,6,2,LG,승,패,정규시즌
2014-09-04 18:30,문학,롯데,6,4,SK,승,패,정규시즌
2014-09-05 18:30,문학,롯데,3,12,SK,패,승,정규시즌
2014-09-06 17:00,목동,롯데,10,5,넥센,승,패,정규시즌
2014-09-07 14:00,목동,롯데,6,7,넥센,패,승,정규시즌
2014-09-09 14:00,사직,SK,10,8,롯데,승,패,정규시즌
2014-09-10 14:00,사직,SK,5,11,롯데,패,승,정규시즌
2014-09-11 18:30,마산,롯데,5,1,NC,승,패,정규시즌
2014-09-12 18:30,마산,롯데,0,6,NC,패,승,정규시즌
2014-09-13 17:00,사직,두산,4,3,롯데,승,패,정규시즌
2014-09-14 14:00,사직,두산,3,4,롯데,패,승,정규시즌
2014-10-01 18:30,대구,롯데,3,4,삼성,패,승,정규시즌
2014-10-02 18:30,사직,한화,5,10,롯데,패,승,정규시즌
2014-10-03 14:00,사직,한화,3,15,롯데,패,승,정규시즌
2014-10-07 18:30,대전,롯데,5,8,한화,패,승,정규시즌
2014-10-10 18:30,사직,NC,12,0,롯데,승,패,정규시즌
2014-10-11 17:00,사직,한화,3,4,롯데,패,승,정규시즌
2014-10-12 14:00,사직,한화,2,4,롯데,패,승,정규시즌
2014-10-14 18:30,사직,넥센,12,4,롯데,승,패,정규시즌
2014-10-15 18:30,사직,넥센,7,6,롯데,승,패,정규시즌
2014-10-17 18:30,사직,LG,5,8,롯데,패,승,정규시즌
2015-03-07 13:00,사직,SK,2,1,롯데,승,패,시범경기
2015-03-08 13:00,사직,SK,1,9,롯데,패,승,시범경기
2015-03-11 13:00,사직,LG,2,0,롯데,승,패,시범경기
2015-03-12 13:00,사직,KT,6,5,롯데,승,패,시범경기
2015-03-13 13:00,사직,KT,2,3,롯데,패,승,시범경기
2015-03-14 13:00,목동,롯데,5,3,넥센,승,패,시범경기
2015-03-15 13:00,목동,롯데,1,2,넥센,패,승,시범경기
2015-03-17 13:00,울산,삼성,3,5,롯데,패,승,시범경기
2015-03-19 13:00,대전,롯데,12,0,한화,승,패,시범경기
2015-03-20 13:00,대전,롯데,13,2,한화,승,패,시범경기
2015-03-21 13:00,사직,NC,4,13,롯데,패,승,시범경기
2015-03-22 13:00,사직,NC,7,2,롯데,승,패,시범경기
2015-03-28 14:00,사직,KT,9,12,롯데,패,승,정규시즌
2015-03-29 14:00,사직,KT,4,5,롯데,패,승,정규시즌
2015-03-31 18:30,잠실,롯데,7,1,LG,승,패,정규시즌
2015-04-01 18:30,잠실,롯데,2,3,LG,패,승,정규시즌
2015-04-03 18:30,사직,두산,0,5,롯데,패,승,정규시즌
2015-04-05 14:00,사직,두산,4,16,롯데,패,승,정규시즌
2015-04-07 18:30,대구,롯데,1,3,삼성,패,승,정규시즌
2015-04-08 18:30,대구,롯데,2,4,삼성,패,승,정규시즌
2015-04-09 18:30,대구,롯데,4,5,삼성,패,승,정규시즌
2015-04-10 18:30,사직,한화,9,10,롯데,패,승,정규시즌
2015-04-11 17:00,사직,한화,4,1,롯데,승,패,정규시즌
2015-04-12 17:00,사직,한화,3,15,롯데,패,승,정규시즌
2015-04-14 18:30,사직,NC,4,5,롯데,패,승,정규시즌
2015-04-15 18:30,사직,NC,0,6,롯데,패,승,정규시즌
2015-04-16 18:30,사직,NC,8,3,롯데,승,패,정규시즌
2015-04-17 18:30,잠실,롯데,1,12,두산,패,승,정규시즌
2015-04-18 17:00,잠실,롯데,5,7,두산,패,승,정규시즌
2015-04-21 18:30,광주,롯데,2,3,기아,패,승,정규시즌
2015-04-22 18:30,광주,롯데,7,6,기아,승,패,정규시즌
2015-04-23 18:30,광주,롯데,6,7,기아,패,승,정규시즌
2015-04-24 18:30,사직,삼성,3,5,롯데,패,승,정규시즌
2015-04-25 17:00,사직,삼성,9,12,롯데,패,승,정규시즌
2015-04-26 14:00,사직,삼성,1,7,롯데,패,승,정규시즌
2015-04-28 18:30,목동,롯데,4,8,넥센,패,승,정규시즌
2015-04-30 18:30,목동,롯데,4,2,넥센,승,패,정규시즌
2015-05-01 18:30,대전,롯데,5,7,한화,패,승,정규시즌
2015-05-02 17:00,대전,롯데,3,5,한화,패,승,정규시즌
2015-05-03 14:00,대전,롯데,6,3,한화,승,패,정규시즌
2015-05-05 14:00,사직,SK,11,4,롯데,승,패,정규시즌
2015-05-06 18:30,사직,SK,5,3,롯데,승,패,정규시즌
2015-05-07 18:30,사직,SK,3,2,롯데,승,패,정규시즌
2015-05-08 18:30,마산,롯데,3,4,NC,패,승,정규시즌
2015-05-09 17:00,마산,롯데,3,6,NC,패,승,정규시즌
2015-05-10 14:00,마산,롯데,2,6,NC,패,승,정규시즌
2015-05-12 18:30,사직,넥센,4,5,롯데,패,승,정규시즌
2015-05-13 18:30,사직,넥센,8,9,롯데,패,승,정규시즌
2015-05-14 18:30,사직,넥센,10,5,롯데,승,패,정규시즌
2015-05-15 18:30,수원,롯데,11,10,KT,승,패,정규시즌
2015-05-16 17:00,수원,롯데,10,1,KT,승,패,정규시즌
2015-05-17 14:00,수원,롯데,6,2,KT,승,패,정규시즌
2015-05-19 18:30,사직,기아,3,6,롯데,패,승,정규시즌
2015-05-20 18:30,사직,기아,9,5,롯데,승,패,정규시즌
2015-05-21 18:30,사직,기아,2,4,롯데,패,승,정규시즌
2015-05-22 18:30,사직,LG,20,12,롯데,승,패,정규시즌
2015-05-23 17:00,사직,LG,11,19,롯데,패,승,정규시즌
2015-05-24 14:00,사직,LG,3,10,롯데,패,승,정규시즌
2015-05-26 18:30,문학,롯데,10,5,SK,승,패,정규시즌
2015-05-27 18:30,문학,롯데,0,6,SK,패,승,정규시즌
2015-05-28 18:30,문학,롯데,3,1,SK,승,패,정규시즌
2015-05-29 18:30,울산,한화,1,9,롯데,패,승,정규시즌
2015-05-30 14:00,울산,한화,4,3,롯데,승,패,정규시즌
2015-05-31 14:00,울산,한화,3,8,롯데,패,승,정규시즌
2015-06-02 18:30,포항,롯데,7,13,삼성,패,승,정규시즌
2015-06-03 18:30,포항,롯데,1,8,삼성,패,승,정규시즌
2015-06-04 18:30,포항,롯데,2,6,삼성,패,승,정규시즌
2015-06-06 17:00,사직,기아,2,1,롯데,승,패,정규시즌
2015-06-07 17:00,사직,기아,2,4,롯데,패,승,정규시즌
2015-06-09 18:30,사직,KT,7,2,롯데,승,패,정규시즌
2015-06-10 18:30,사직,KT,10,7,롯데,승,패,정규시즌
2015-06-11 18:30,사직,KT,16,6,롯데,승,패,정규시즌
2015-06-12 18:30,문학,롯데,2,8,SK,패,승,정규시즌
2015-06-13 17:00,문학,롯데,4,5,SK,패,승,정규시즌
2015-06-14 17:00,문학,롯데,1,0,SK,승,패,정규시즌
2015-06-16 18:30,목동,롯데,1,9,넥센,패,승,정규시즌
2015-06-17 18:30,목동,롯데,8,1,넥센,승,패,정규시즌
2015-06-18 18:30,목동,롯데,0,6,넥센,패,승,정규시즌
2015-06-19 18:30,잠실,롯데,4,3,두산,승,패,정규시즌
2015-06-21 17:00,잠실,롯데,0,10,두산,패,승,정규시즌
2015-06-23 18:30,사직,삼성,12,4,롯데,승,패,정규시즌
2015-06-24 18:30,사직,삼성,9,13,롯데,패,승,정규시즌
2015-06-26 18:30,사직,넥센,2,8,롯데,패,승,정규시즌
2015-06-27 17:00,사직,넥센,8,3,롯데,승,패,정규시즌
2015-06-28 17:00,사직,넥센,7,1,롯데,승,패,정규시즌
2015-07-01 18:30,마산,롯데,4,3,NC,승,패,정규시즌
2015-07-02 18:30,마산,롯데,2,3,NC,패,승,정규시즌
2015-07-03 18:30,사직,SK,8,7,롯데,승,패,정규시즌
2015-07-04 18:00,사직,SK,2,7,롯데,패,승,정규시즌
2015-07-05 18:00,사직,SK,5,1,롯데,승,패,정규시즌
2015-07-07 18:30,잠실,롯데,7,6,LG,승,패,정규시즌
2015-07-08 18:30,잠실,롯데,0,1,LG,패,승,정규시즌
2015-07-09 18:30,잠실,롯데,1,2,LG,패,승,정규시즌
2015-07-10 18:30,사직,두산,6,5,롯데,승,패,정규시즌
2015-07-14 18:30,청주,롯데,3,4,한화,패,승,정규시즌
2015-07-15 18:30,청주,롯데,12,10,한화,승,패,정규시즌
2015-07-16 18:30,청주,롯데,7,4,한화,승,패,정규시즌
2015-07-21 18:30,울산,NC,1,2,롯데,패,승,정규시즌
2015-07-22 18:30,울산,NC,3,2,롯데,승,패,정규시즌
2015-07-23 18:30,울산,NC,11,9,롯데,승,패,정규시즌
2015-07-24 18:30,광주,롯데,8,9,기아,패,승,정규시즌
2015-07-25 18:00,광주,롯데,7,1,기아,승,패,정규시즌
2015-07-26 18:00,광주,롯데,4,2,기아,승,패,정규시즌
2015-07-28 18:30,사직,LG,0,3,롯데,패,승,정규시즌
2015-07-29 18:30,사직,LG,2,3,롯데,패,승,정규시즌
2015-07-30 18:30,사직,LG,8,5,롯데,승,패,정규시즌
2015-07-31 18:30,수원,롯데,12,2,KT,승,패,정규시즌
2015-08-01 18:00,수원,롯데,6,19,KT,패,승,정규시즌
2015-08-02 18:00,수원,롯데,9,10,KT,패,승,정규시즌
2015-08-04 18:30,울산,두산,3,0,롯데,승,패,정규시즌
2015-08-05 18:30,울산,두산,6,8,롯데,패,승,정규시즌
2015-08-06 18:30,마산,롯데,3,8,NC,패,승,정규시즌
2015-08-07 18:30,마산,롯데,0,13,NC,패,승,정규시즌
2015-08-08 18:00,대전,롯데,4,6,한화,패,승,정규시즌
2015-08-09 18:00,대전,롯데,1,2,한화,패,승,정규시즌
2015-08-11 18:30,사직,SK,6,11,롯데,패,승,정규시즌
2015-08-13 18:30,수원,롯데,4,2,KT,승,패,정규시즌
2015-08-14 18:30,수원,롯데,4,9,KT,패,승,정규시즌
2015-08-15 18:00,목동,롯데,4,3,넥센,승,패,정규시즌
2015-08-17 18:30,목동,롯데,5,9,넥센,패,승,정규시즌
2015-08-18 18:30,사직,LG,4,7,롯데,패,승,정규시즌
2015-08-19 18:30,사직,LG,2,7,롯데,패,승,정규시즌
2015-08-21 18:30,사직,기아,1,9,롯데,패,승,정규시즌
2015-08-22 18:00,대구,롯데,4,15,삼성,패,승,정규시즌
2015-08-23 18:00,대구,롯데,15,0,삼성,승,패,정규시즌
2015-08-26 18:30,잠실,롯데,3,5,두산,패,승,정규시즌
2015-08-27 18:30,사직,넥센,3,8,롯데,패,승,정규시즌
2015-08-28 18:30,사직,넥센,9,5,롯데,승,패,정규시즌
2015-08-29 18:00,사직,NC,7,4,롯데,승,패,정규시즌
2015-08-30 18:00,사직,NC,6,4,롯데,승,패,정규시즌
2015-09-01 18:30,울산,KT,5,6,롯데,패,승,정규시즌
2015-09-02 18:30,울산,KT,1,5,롯데,패,승,정규시즌
2015-09-03 18:30,광주,롯데,7,5,기아,승,패,정규시즌
2015-09-04 18:30,광주,롯데,4,1,기아,승,패,정규시즌
2015-09-05 17:00,잠실,롯데,9,4,LG,승,패,정규시즌
2015-09-06 17:00,잠실,롯데,1,1,LG,무,무,정규시즌
2015-09-08 18:30,문학,롯데,10,4,SK,승,패,정규시즌
2015-09-09 18:30,문학,롯데,2,3,SK,패,승,정규시즌
2015-09-10 18:30,사직,삼성,3,4,롯데,패,승,정규시즌
2015-09-11 18:30,사직,삼성,9,7,롯데,승,패,정규시즌
2015-09-12 17:00,사직,한화,2,11,롯데,패,승,정규시즌
2015-09-13 14:00,사직,한화,7,4,롯데,승,패,정규시즌
2015-09-15 18:30,잠실,롯데,8,2,두산,승,패,정규시즌
2015-09-16 18:30,잠실,롯데,9,7,두산,승,패,정규시즌
2015-09-17 18:30,잠실,롯데,0,13,두산,패,승,정규시즌
2015-09-18 18:30,사직,SK,3,1,롯데,승,패,정규시즌
2015-09-20 14:00,사직,삼성,17,13,롯데,승,패,정규시즌
2015-09-22 18:30,사직,두산,6,5,롯데,승,패,정규시즌
2015-09-24 15:00,사직,두산,3,2,롯데,승,패,정규시즌
2015-09-24 18:49,사직,두산,10,6,롯데,승,패,정규시즌
2015-09-27 14:00,마산,롯데,4,2,NC,승,패,정규시즌
2015-09-29 14:00,사직,기아,6,4,롯데,승,패,정규시즌
2015-09-30 18:30,사직,기아,13,1,롯데,승,패,정규시즌
2015-10-02 18:30,목동,롯데,6,10,넥센,패,승,정규시즌
2015-10-03 14:00,잠실,롯데,2,5,LG,패,승,정규시즌
2015-10-04 14:00,사직,KT,3,6,롯데,패,승,정규시즌
2016-03-08 13:00,울산,SK,6,6,롯데,무,무,시범경기
2016-03-09 13:00,울산,SK,2,3,롯데,패,승,시범경기
2016-03-10 13:00,울산,삼성,10,5,롯데,승,패,시범경기
2016-03-11 13:00,울산,삼성,2,1,롯데,승,패,시범경기
2016-03-12 13:00,울산,LG,8,5,롯데,승,패,시범경기
2016-03-13 13:00,울산,LG,3,6,롯데,패,승,시범경기
2016-03-15 13:00,사직,두산,8,3,롯데,승,패,시범경기
2016-03-16 13:00,사직,두산,8,2,롯데,승,패,시범경기
2016-03-17 13:00,사직,NC,2,2,롯데,무,무,시범경기
2016-03-19 13:00,사직,한화,12,20,롯데,패,승,시범경기
2016-03-20 13:00,사직,한화,1,0,롯데,승,패,시범경기
2016-03-22 13:00,고척,롯데,0,5,넥센,패,승,시범경기
2016-03-23 13:00,고척,롯데,5,6,넥센,패,승,시범경기
2016-03-24 17:30,사직,기아,13,13,롯데,무,무,시범경기
2016-03-25 13:00,사직,기아,11,5,롯데,승,패,시범경기
2016-03-26 13:00,수원,롯데,0,11,KT,패,승,시범경기
2016-03-27 13:00,수원,롯데,3,5,KT,패,승,시범경기
2016-04-01 19:00,고척,롯데,2,1,넥센,승,패,정규시즌
2016-04-02 14:00,고척,롯데,3,5,넥센,패,승,정규시즌
2016-04-03 14:00,고척,롯데,5,6,넥센,패,승,정규시즌
2016-04-05 18:30,사직,SK,1,2,롯데,패,승,정규시즌
2016-04-06 18:30,사직,SK,1,11,롯데,패,승,정규시즌
2016-04-07 18:30,사직,SK,8,3,롯데,승,패,정규시즌
2016-04-08 18:30,사직,삼성,7,3,롯데,승,패,정규시즌
2016-04-09 14:00,사직,삼성,4,7,롯데,패,승,정규시즌
2016-04-10 14:00,사직,삼성,1,5,롯데,패,승,정규시즌
2016-04-12 18:30,잠실,롯데,11,12,LG,패,승,정규시즌
2016-04-13 18:30,잠실,롯데,3,5,LG,패,승,정규시즌
2016-04-14 18:30,잠실,롯데,9,0,LG,승,패,정규시즌
2016-04-15 18:30,마산,롯데,0,3,NC,패,승,정규시즌
2016-04-17 14:00,마산,롯데,8,5,NC,승,패,정규시즌
2016-04-19 18:30,사직,한화,3,4,롯데,패,승,정규시즌
2016-04-20 18:30,사직,한화,4,10,롯데,패,승,정규시즌
2016-04-21 18:30,사직,한화,9,5,롯데,승,패,정규시즌
2016-04-22 18:30,사직,기아,5,7,롯데,패,승,정규시즌
2016-04-23 17:00,사직,기아,16,10,롯데,승,패,정규시즌
2016-04-24 14:00,사직,기아,11,4,롯데,승,패,정규시즌
2016-04-26 18:30,수원,롯데,1,2,KT,패,승,정규시즌
2016-04-27 18:30,수원,롯데,4,0,KT,승,패,정규시즌
2016-04-28 18:30,수원,롯데,8,3,KT,승,패,정규시즌
2016-04-29 18:30,사직,NC,6,3,롯데,승,패,정규시즌
2016-04-30 17:00,사직,NC,8,1,롯데,승,패,정규시즌
2016-05-01 14:00,사직,NC,5,2,롯데,승,패,정규시즌
2016-05-03 18:30,광주,롯데,2,3,기아,패,승,정규시즌
2016-05-04 18:30,광주,롯데,2,3,기아,패,승,정규시즌
2016-05-05 14:00,광주,롯데,1,17,기아,패,승,정규시즌
2016-05-06 18:30,잠실,롯데,7,0,두산,승,패,정규시즌
2016-05-07 17:00,잠실,롯데,5,0,두산,승,패,정규시즌
2016-05-08 14:00,잠실,롯데,17,11,두산,승,패,정규시즌
2016-05-11 18:30,사직,넥센,16,2,롯데,승,패,정규시즌
2016-05-12 18:30,사직,넥센,1,8,롯데,패,승,정규시즌
2016-05-13 18:30,대구,롯데,14,8,삼성,승,패,정규시즌
2016-05-14 17:00,대구,롯데,4,10,삼성,패,승,정규시즌
2016-05-15 17:00,대구,롯데,8,3,삼성,승,패,정규시즌
2016-05-17 18:30,문학,롯데,3,7,SK,패,승,정규시즌
2016-05-18 18:30,문학,롯데,3,5,SK,패,승,정규시즌
2016-05-19 18:30,문학,롯데,4,3,SK,승,패,정규시즌
2016-05-20 18:30,사직,두산,19,5,롯데,승,패,정규시즌
2016-05-21 17:00,사직,두산,6,4,롯데,승,패,정규시즌
2016-05-22 14:00,사직,두산,4,10,롯데,패,승,정규시즌
2016-05-25 18:30,울산,LG,1,2,롯데,패,승,정규시즌
2016-05-26 18:30,울산,LG,4,7,롯데,패,승,정규시즌
2016-05-27 18:30,대전,롯데,7,11,한화,패,승,정규시즌
2016-05-28 17:00,대전,롯데,6,9,한화,패,승,정규시즌
2016-05-29 17:00,대전,롯데,2,9,한화,패,승,정규시즌
2016-05-31 18:30,사직,KT,5,9,롯데,패,승,정규시즌
2016-06-01 18:30,사직,KT,0,2,롯데,패,승,정규시즌
2016-06-02 18:30,사직,KT,2,1,롯데,승,패,정규시즌
2016-06-03 18:30,사직,NC,5,3,롯데,승,패,정규시즌
2016-06-05 17:00,사직,NC,14,7,롯데,승,패,정규시즌
2016-06-07 18:30,문학,롯데,9,6,SK,승,패,정규시즌
2016-06-08 18:30,문학,롯데,3,2,SK,승,패,정규시즌
2016-06-09 18:30,문학,롯데,5,6,SK,패,승,정규시즌
2016-06-10 18:30,잠실,롯데,3,5,두산,패,승,정규시즌
2016-06-11 17:00,잠실,롯데,10,8,두산,승,패,정규시즌
2016-06-12 17:00,잠실,롯데,4,5,두산,패,승,정규시즌
2016-06-14 18:30,고척,롯데,6,9,넥센,패,승,정규시즌
2016-06-15 18:30,고척,롯데,11,6,넥센,승,패,정규시즌
2016-06-16 18:30,고척,롯데,7,10,넥센,패,승,정규시즌
2016-06-17 18:30,사직,SK,12,1,롯데,승,패,정규시즌
2016-06-18 17:00,사직,SK,4,0,롯데,승,패,정규시즌
2016-06-19 17:00,사직,SK,3,10,롯데,패,승,정규시즌
2016-06-21 18:30,광주,롯데,6,9,기아,패,승,정규시즌
2016-06-22 18:30,광주,롯데,18,5,기아,승,패,정규시즌
2016-06-23 18:30,광주,롯데,2,6,기아,패,승,정규시즌
2016-06-24 18:30,대전,롯데,4,2,한화,승,패,정규시즌
2016-06-25 17:00,대전,롯데,1,8,한화,패,승,정규시즌
2016-06-26 17:00,대전,롯데,12,4,한화,승,패,정규시즌
2016-06-28 18:30,사직,삼성,4,7,롯데,패,승,정규시즌
2016-06-29 18:30,사직,삼성,4,5,롯데,패,승,정규시즌
2016-06-30 18:30,사직,삼성,6,7,롯데,패,승,정규시즌
2016-07-06 18:30,마산,롯데,3,12,NC,패,승,정규시즌
2016-07-07 18:30,마산,롯데,4,8,NC,패,승,정규시즌
2016-07-08 18:30,사직,LG,5,8,롯데,패,승,정규시즌
2016-07-09 18:00,사직,LG,12,13,롯데,패,승,정규시즌
2016-07-10 18:00,사직,LG,6,0,롯데,승,패,정규시즌
2016-07-12 18:30,포항,롯데,4,8,삼성,패,승,정규시즌
2016-07-13 18:30,포항,롯데,13,12,삼성,승,패,정규시즌
2016-07-14 18:30,포항,롯데,4,2,삼성,승,패,정규시즌
2016-07-19 18:30,사직,기아,6,1,롯데,승,패,정규시즌
2016-07-20 18:30,사직,기아,6,9,롯데,패,승,정규시즌
2016-07-21 18:30,사직,기아,1,10,롯데,패,승,정규시즌
2016-07-22 18:30,사직,한화,2,10,롯데,패,승,정규시즌
2016-07-23 18:00,사직,한화,6,7,롯데,패,승,정규시즌
2016-07-24 18:00,사직,한화,8,1,롯데,승,패,정규시즌
2016-07-26 18:30,잠실,롯데,12,10,LG,승,패,정규시즌
2016-07-27 18:30,잠실,롯데,1,7,LG,패,승,정규시즌
2016-07-28 18:30,잠실,롯데,2,5,LG,패,승,정규시즌
2016-07-29 18:30,수원,롯데,11,12,KT,패,승,정규시즌
2016-07-30 18:00,수원,롯데,3,4,KT,패,승,정규시즌
2016-07-31 18:00,수원,롯데,2,3,KT,패,승,정규시즌
2016-08-03 18:30,사직,넥센,5,6,롯데,패,승,정규시즌
2016-08-04 18:30,사직,넥센,5,4,롯데,승,패,정규시즌
2016-08-05 18:30,사직,두산,2,5,롯데,패,승,정규시즌
2016-08-06 18:00,사직,두산,1,11,롯데,패,승,정규시즌
2016-08-07 18:00,사직,두산,12,7,롯데,승,패,정규시즌
2016-08-09 18:30,마산,롯데,0,13,NC,패,승,정규시즌
2016-08-10 18:30,마산,롯데,5,7,NC,패,승,정규시즌
2016-08-11 18:30,울산,한화,3,2,롯데,승,패,정규시즌
2016-08-12 18:30,울산,한화,3,4,롯데,패,승,정규시즌
2016-08-13 18:00,문학,롯데,3,4,SK,패,승,정규시즌
2016-08-14 18:00,문학,롯데,5,6,SK,패,승,정규시즌
2016-08-16 18:30,고척,롯데,1,8,넥센,패,승,정규시즌
2016-08-17 18:30,고척,롯데,0,7,넥센,패,승,정규시즌
2016-08-18 18:30,사직,기아,3,4,롯데,패,승,정규시즌
2016-08-19 18:30,사직,기아,10,9,롯데,승,패,정규시즌
2016-08-20 18:00,사직,SK,3,2,롯데,승,패,정규시즌
2016-08-21 18:00,사직,SK,3,4,롯데,패,승,정규시즌
2016-08-23 18:30,울산,KT,4,8,롯데,패,승,정규시즌
2016-08-24 18:30,울산,KT,5,2,롯데,승,패,정규시즌
2016-08-26 18:30,잠실,롯데,4,11,두산,패,승,정규시즌
2016-08-27 18:00,대구,롯데,0,13,삼성,패,승,정규시즌
2016-08-30 18:30,사직,LG,4,8,롯데,패,승,정규시즌
2016-08-31 18:30,사직,LG,1,9,롯데,패,승,정규시즌
2016-09-01 18:30,사직,NC,4,2,롯데,승,패,정규시즌
2016-09-03 17:00,광주,롯데,2,1,기아,승,패,정규시즌
2016-09-04 14:00,광주,롯데,3,4,기아,패,승,정규시즌
2016-09-06 18:30,사직,두산,7,9,롯데,패,승,정규시즌
2016-09-07 18:30,사직,두산,10,5,롯데,승,패,정규시즌
2016-09-08 18:30,사직,삼성,4,5,롯데,패,승,정규시즌
2016-09-09 18:30,사직,삼성,7,5,롯데,승,패,정규시즌
2016-09-10 17:00,잠실,롯데,6,9,LG,패,승,정규시즌
2016-09-11 14:00,잠실,롯데,8,12,LG,패,승,정규시즌
2016-09-13 18:30,수원,롯데,9,2,KT,승,패,정규시즌
2016-09-14 14:00,수원,롯데,8,7,KT,승,패,정규시즌
2016-09-15 14:00,대전,롯데,6,7,한화,패,승,정규시즌
2016-09-16 14:00,대전,롯데,8,6,한화,승,패,정규시즌
2016-09-18 17:00,사직,넥센,6,13,롯데,패,승,정규시즌
2016-09-19 18:30,사직,넥센,11,1,롯데,승,패,정규시즌
2016-09-21 18:30,대구,롯데,10,9,삼성,승,패,정규시즌
2016-09-24 17:00,마산,롯데,1,3,NC,패,승,정규시즌
2016-09-25 14:00,마산,롯데,0,1,NC,패,승,정규시즌
2016-09-27 18:30,사직,KT,7,9,롯데,패,승,정규시즌
2016-09-29 18:30,사직,KT,7,9,롯데,패,승,정규시즌
2016-09-30 18:30,사직,KT,4,5,롯데,패,승,정규시즌
2016-10-01 17:00,사직,NC,8,0,롯데,승,패,정규시즌
2016-10-02 14:00,사직,NC,11,6,롯데,승,패,정규시즌
2016-10-04 18:30,잠실,롯데,5,6,두산,패,승,정규시즌
2016-10-06 18:30,사직,LG,4,1,롯데,승,패,정규시즌
2016-10-07 18:30,사직,넥센,4,5,롯데,패,승,정규시즌
2016-10-09 14:00,사직,넥센,5,8,롯데,패,승,정규시즌
2017-03-14 13:00,사직,SK,3,2,롯데,승,패,시범경기
2017-03-15 13:00,사직,SK,2,7,롯데,패,승,시범경기
2017-03-16 13:00,사직,두산,5,5,롯데,무,무,시범경기
2017-03-17 13:00,사직,두산,4,6,롯데,패,승,시범경기
2017-03-18 13:00,사직,LG,2,11,롯데,패,승,시범경기
2017-03-19 13:00,사직,LG,2,3,롯데,패,승,시범경기
2017-03-21 13:00,고척,롯데,6,7,넥센,패,승,시범경기
2017-03-22 13:00,고척,롯데,8,8,넥센,무,무,시범경기
2017-03-23 13:00,사직,NC,9,2,롯데,승,패,시범경기
2017-03-24 13:00,사직,NC,3,0,롯데,승,패,시범경기
2017-03-25 13:00,사직,KT,6,3,롯데,승,패,시범경기
2017-03-31 19:00,마산,롯데,5,6,NC,패,승,정규시즌
2017-04-01 17:00,마산,롯데,3,0,NC,승,패,정규시즌
2017-04-02 14:00,마산,롯데,12,4,NC,승,패,정규시즌
2017-04-04 18:30,사직,넥센,2,5,롯데,패,승,정규시즌
2017-04-06 18:30,사직,넥센,3,12,롯데,패,승,정규시즌
2017-04-07 18:30,사직,LG,6,4,롯데,승,패,정규시즌
2017-04-08 17:00,사직,LG,6,8,롯데,패,승,정규시즌
2017-04-09 14:00,사직,LG,1,7,롯데,패,승,정규시즌
2017-04-11 18:30,문학,롯데,6,4,SK,승,패,정규시즌
2017-04-12 18:30,문학,롯데,1,2,SK,패,승,정규시즌
2017-04-13 18:30,문학,롯데,10,11,SK,패,승,정규시즌
2017-04-14 18:30,사직,삼성,6,9,롯데,패,승,정규시즌
2017-04-15 17:00,사직,삼성,4,6,롯데,패,승,정규시즌
2017-04-16 14:00,사직,삼성,3,0,롯데,승,패,정규시즌
2017-04-18 18:30,사직,NC,8,3,롯데,승,패,정규시즌
2017-04-19 18:30,사직,NC,8,2,롯데,승,패,정규시즌
2017-04-20 18:30,사직,NC,5,4,롯데,승,패,정규시즌
2017-04-21 18:30,고척,롯데,1,4,넥센,패,승,정규시즌
2017-04-22 17:00,고척,롯데,3,2,넥센,승,패,정규시즌
2017-04-23 14:00,고척,롯데,5,6,넥센,패,승,정규시즌
2017-04-25 18:30,사직,한화,2,4,롯데,패,승,정규시즌
2017-04-26 18:30,사직,한화,2,8,롯데,패,승,정규시즌
2017-04-27 18:30,사직,한화,6,1,롯데,승,패,정규시즌
2017-04-28 18:30,잠실,롯데,0,2,두산,패,승,정규시즌
2017-04-29 17:00,잠실,롯데,3,5,두산,패,승,정규시즌
2017-04-30 14:00,잠실,롯데,6,0,두산,승,패,정규시즌
2017-05-02 18:30,수원,롯데,9,0,KT,승,패,정규시즌
2017-05-03 14:00,수원,롯데,2,8,KT,패,승,정규시즌
2017-05-04 18:30,수원,롯데,3,2,KT,승,패,정규시즌
2017-05-05 14:00,사직,기아,5,3,롯데,승,패,정규시즌
2017-05-06 17:00,사직,기아,3,0,롯데,승,패,정규시즌
2017-05-07 14:00,사직,기아,5,3,롯데,승,패,정규시즌
2017-05-10 18:30,대전,롯데,8,1,한화,승,패,정규시즌
2017-05-11 18:30,대전,롯데,1,2,한화,패,승,정규시즌
2017-05-13 17:00,사직,두산,9,4,롯데,승,패,정규시즌
2017-05-14 14:00,사직,두산,15,1,롯데,승,패,정규시즌
2017-05-16 18:30,사직,KT,0,6,롯데,패,승,정규시즌
2017-05-17 18:30,사직,KT,4,9,롯데,패,승,정규시즌
2017-05-18 18:30,사직,KT,4,11,롯데,패,승,정규시즌
2017-05-19 18:30,잠실,롯데,9,4,LG,승,패,정규시즌
2017-05-20 17:00,잠실,롯데,2,3,LG,패,승,정규시즌
2017-05-21 14:00,잠실,롯데,3,4,LG,패,승,정규시즌
2017-05-23 18:30,사직,SK,6,7,롯데,패,승,정규시즌
2017-05-24 18:30,사직,SK,5,7,롯데,패,승,정규시즌
2017-05-25 18:30,사직,SK,6,17,롯데,패,승,정규시즌
2017-05-26 18:30,광주,롯데,8,2,기아,승,패,정규시즌
2017-05-27 17:00,광주,롯데,7,15,기아,패,승,정규시즌
2017-05-28 14:00,광주,롯데,4,8,기아,패,승,정규시즌
2017-05-30 18:30,대구,롯데,1,0,삼성,승,패,정규시즌
2017-05-31 18:30,대구,롯데,4,11,삼성,패,승,정규시즌
2017-06-01 18:30,대구,롯데,2,13,삼성,패,승,정규시즌
2017-06-02 18:30,사직,KT,11,8,롯데,승,패,정규시즌
2017-06-03 17:00,사직,KT,10,1,롯데,승,패,정규시즌
2017-06-04 17:00,사직,KT,8,14,롯데,패,승,정규시즌
2017-06-06 17:00,마산,롯데,5,4,NC,승,패,정규시즌
2017-06-07 18:30,마산,롯데,4,12,NC,패,승,정규시즌
2017-06-08 18:30,마산,롯데,0,16,NC,패,승,정규시즌
2017-06-09 18:30,울산,두산,4,0,롯데,승,패,정규시즌
2017-06-10 17:00,울산,두산,6,7,롯데,패,승,정규시즌
2017-06-11 17:00,울산,두산,4,7,롯데,패,승,정규시즌
2017-06-13 18:30,사직,기아,10,7,롯데,승,패,정규시즌
2017-06-14 18:30,사직,기아,6,3,롯데,승,패,정규시즌
2017-06-15 18:30,사직,기아,7,5,롯데,승,패,정규시즌
2017-06-16 18:30,고척,롯데,1,2,넥센,패,승,정규시즌
2017-06-17 17:00,고척,롯데,2,8,넥센,패,승,정규시즌
2017-06-18 17:00,고척,롯데,3,14,넥센,패,승,정규시즌
2017-06-20 18:30,수원,롯데,10,2,KT,승,패,정규시즌
2017-06-21 18:30,수원,롯데,10,4,KT,승,패,정규시즌
2017-06-22 18:30,수원,롯데,3,10,KT,패,승,정규시즌
2017-06-23 18:30,잠실,롯데,1,9,두산,패,승,정규시즌
2017-06-24 17:00,잠실,롯데,8,4,두산,승,패,정규시즌
2017-06-25 17:00,잠실,롯데,4,2,두산,승,패,정규시즌
2017-06-27 18:30,사직,LG,10,11,롯데,패,승,정규시즌
2017-06-28 18:30,사직,LG,9,9,롯데,무,무,정규시즌
2017-06-30 18:30,사직,NC,0,9,롯데,패,승,정규시즌
2017-07-01 18:00,사직,NC,5,9,롯데,패,승,정규시즌
2017-07-02 18:00,사직,NC,1,2,롯데,패,승,정규시즌
2017-07-04 18:30,포항,롯데,2,4,삼성,패,승,정규시즌
2017-07-05 18:30,포항,롯데,5,6,삼성,패,승,정규시즌
2017-07-06 18:30,포항,롯데,4,2,삼성,승,패,정규시즌
2017-07-07 18:30,사직,SK,6,5,롯데,승,패,정규시즌
2017-07-08 18:00,사직,SK,4,6,롯데,패,승,정규시즌
2017-07-09 18:00,사직,SK,6,0,롯데,승,패,정규시즌
2017-07-11 18:30,대전,롯데,5,4,한화,승,패,정규시즌
2017-07-12 18:30,대전,롯데,8,4,한화,승,패,정규시즌
2017-07-13 18:30,대전,롯데,4,6,한화,패,승,정규시즌
2017-07-18 18:30,울산,삼성,2,5,롯데,패,승,정규시즌
2017-07-19 18:30,울산,삼성,3,0,롯데,승,패,정규시즌
2017-07-20 18:30,울산,삼성,4,4,롯데,무,무,정규시즌
2017-07-21 18:30,광주,롯데,4,3,기아,승,패,정규시즌
2017-07-22 18:00,광주,롯데,1,0,기아,승,패,정규시즌
2017-07-23 18:00,광주,롯데,3,1,기아,승,패,정규시즌
2017-07-26 18:30,사직,한화,8,9,롯데,패,승,정규시즌
2017-07-27 18:30,사직,한화,6,3,롯데,승,패,정규시즌
2017-07-28 18:30,문학,롯데,7,8,SK,패,승,정규시즌
2017-07-29 18:00,문학,롯데,1,4,SK,패,승,정규시즌
2017-07-30 18:00,문학,롯데,3,2,SK,승,패,정규시즌
2017-08-01 18:30,잠실,롯데,0,2,LG,패,승,정규시즌
2017-08-02 18:30,잠실,롯데,4,5,LG,패,승,정규시즌
2017-08-03 18:30,잠실,롯데,6,9,LG,패,승,정규시즌
2017-08-04 18:30,사직,넥센,8,10,롯데,패,승,정규시즌
2017-08-05 18:00,사직,넥센,4,5,롯데,패,승,정규시즌
2017-08-06 18:00,사직,넥센,4,6,롯데,패,승,정규시즌
2017-08-08 18:30,사직,KT,4,5,롯데,패,승,정규시즌
2017-08-09 18:30,사직,KT,6,7,롯데,패,승,정규시즌
2017-08-10 18:30,마산,롯데,2,3,NC,패,승,정규시즌
2017-08-11 18:30,마산,롯데,5,3,NC,승,패,정규시즌
2017-08-12 18:00,대구,롯데,7,13,삼성,패,승,정규시즌
2017-08-13 18:00,대구,롯데,9,7,삼성,승,패,정규시즌
2017-08-15 18:00,사직,두산,6,8,롯데,패,승,정규시즌
2017-08-16 18:30,사직,두산,2,4,롯데,패,승,정규시즌
2017-08-17 18:30,고척,롯데,5,3,넥센,승,패,정규시즌
2017-08-18 18:30,고척,롯데,8,5,넥센,승,패,정규시즌
2017-08-19 18:00,대전,롯데,0,2,한화,패,승,정규시즌
2017-08-20 18:00,대전,롯데,4,3,한화,승,패,정규시즌
2017-08-22 18:30,광주,롯데,7,3,기아,승,패,정규시즌
2017-08-23 18:30,광주,롯데,7,5,기아,승,패,정규시즌
2017-08-24 18:30,사직,LG,0,11,롯데,패,승,정규시즌
2017-08-25 18:30,사직,LG,2,8,롯데,패,승,정규시즌
2017-08-26 18:00,사직,넥센,1,6,롯데,패,승,정규시즌
2017-08-27 18:00,사직,넥센,9,8,롯데,승,패,정규시즌
2017-08-29 18:30,잠실,롯데,5,7,두산,패,승,정규시즌
2017-08-30 18:30,잠실,롯데,5,2,두산,승,패,정규시즌
2017-08-31 18:30,사직,NC,5,8,롯데,패,승,정규시즌
2017-09-01 18:30,사직,NC,1,6,롯데,패,승,정규시즌
2017-09-02 17:00,사직,한화,0,9,롯데,패,승,정규시즌
2017-09-03 14:00,사직,한화,2,7,롯데,패,승,정규시즌
2017-09-05 18:30,문학,롯데,2,6,SK,패,승,정규시즌
2017-09-07 18:30,사직,삼성,6,5,롯데,승,패,정규시즌
2017-09-08 18:30,사직,삼성,5,6,롯데,패,승,정규시즌
2017-09-09 17:00,수원,롯데,2,3,KT,패,승,정규시즌
2017-09-10 14:00,수원,롯데,7,5,KT,승,패,정규시즌
2017-09-12 18:30,잠실,롯데,2,1,LG,승,패,정규시즌
2017-09-13 18:30,잠실,롯데,1,3,LG,패,승,정규시즌
2017-09-14 18:30,사직,기아,11,2,롯데,승,패,정규시즌
2017-09-15 18:30,사직,기아,3,4,롯데,패,승,정규시즌
2017-09-16 17:00,사직,SK,1,6,롯데,패,승,정규시즌
2017-09-17 14:00,사직,SK,5,9,롯데,패,승,정규시즌
2017-09-19 18:30,사직,두산,8,3,롯데,승,패,정규시즌
2017-09-22 18:30,대전,롯데,2,0,한화,승,패,정규시즌
2017-09-23 17:00,사직,넥센,2,7,롯데,패,승,정규시즌
2017-09-26 18:30,사직,한화,8,11,롯데,패,승,정규시즌
2017-09-29 18:30,문학,롯데,7,2,SK,승,패,정규시즌
2017-10-03 15:00,사직,LG,2,4,롯데,패,승,정규시즌
2017-10-08 14:00,사직,NC,9,2,롯데,승,패,준플레이오프
2017-10-09 14:00,사직,NC,0,1,롯데,패,승,준플레이오프
2017-10-11 18:30,마산,롯데,6,13,NC,패,승,준플레이오프
2017-10-13 18:30,마산,롯데,7,1,NC,승,패,준플레이오프
2017-10-15 14:00,사직,NC,9,0,롯데,승,패,준플레이오프
2018-03-13 13:00,사직,LG,4,3,롯데,승,패,시범경기
2018-03-14 13:00,사직,LG,4,2,롯데,승,패,시범경기
2018-03-16 13:00,사직,두산,5,9,롯데,패,승,시범경기
2018-03-17 13:00,수원,롯데,17,10,KT,승,패,시범경기
2018-03-18 13:00,수원,롯데,3,4,KT,패,승,시범경기
2018-03-24 14:00,문학,롯데,5,6,SK,패,승,정규시즌
2018-03-25 14:00,문학,롯데,0,5,SK,패,승,정규시즌
2018-03-27 18:30,잠실,롯데,0,5,두산,패,승,정규시즌
2018-03-28 18:30,잠실,롯데,5,6,두산,패,승,정규시즌
2018-03-29 18:30,잠실,롯데,1,4,두산,패,승,정규시즌
2018-03-30 18:30,사직,NC,7,5,롯데,승,패,정규시즌
2018-03-31 17:00,사직,NC,10,5,롯데,승,패,정규시즌
2018-04-01 14:00,사직,NC,2,3,롯데,패,승,정규시즌
2018-04-03 18:30,대전,롯데,11,17,한화,패,승,정규시즌
2018-04-04 18:30,대전,롯데,6,7,한화,패,승,정규시즌
2018-04-06 18:30,사직,LG,14,6,롯데,승,패,정규시즌
2018-04-07 17:00,사직,LG,2,7,롯데,패,승,정규시즌
2018-04-08 14:00,사직,LG,4,2,롯데,승,패,정규시즌
2018-04-10 18:30,울산,넥센,3,4,롯데,패,승,정규시즌
2018-04-11 18:30,울산,넥센,0,12,롯데,패,승,정규시즌
2018-04-12 18:30,울산,넥센,5,3,롯데,승,패,정규시즌
2018-04-13 18:30,광주,롯데,8,4,기아,승,패,정규시즌
2018-04-17 18:30,사직,삼성,11,6,롯데,승,패,정규시즌
2018-04-18 18:30,사직,삼성,7,9,롯데,패,승,정규시즌
2018-04-19 18:30,사직,삼성,6,0,롯데,승,패,정규시즌
2018-04-20 18:30,사직,SK,5,10,롯데,패,승,정규시즌
2018-04-21 17:00,사직,SK,3,4,롯데,패,승,정규시즌
2018-04-22 14:00,사직,SK,10,4,롯데,승,패,정규시즌
2018-04-24 18:30,수원,롯데,14,8,KT,승,패,정규시즌
2018-04-25 18:30,수원,롯데,5,4,KT,승,패,정규시즌
2018-04-26 18:30,수원,롯데,2,5,KT,패,승,정규시즌
2018-04-27 18:30,사직,한화,3,5,롯데,패,승,정규시즌
2018-04-28 17:00,사직,한화,4,2,롯데,승,패,정규시즌
2018-04-29 14:00,사직,한화,3,4,롯데,패,승,정규시즌
2018-05-01 18:30,사직,기아,0,4,롯데,패,승,정규시즌
2018-05-02 18:30,사직,기아,12,6,롯데,승,패,정규시즌
2018-05-03 18:30,사직,기아,4,5,롯데,패,승,정규시즌
2018-05-04 18:30,문학,롯데,4,5,SK,패,승,정규시즌
2018-05-05 14:00,문학,롯데,8,1,SK,승,패,정규시즌
2018-05-08 18:30,잠실,롯데,4,2,LG,승,패,정규시즌
2018-05-09 18:30,잠실,롯데,2,3,LG,패,승,정규시즌
2018-05-10 18:30,잠실,롯데,7,2,LG,승,패,정규시즌
2018-05-11 18:30,사직,KT,2,6,롯데,패,승,정규시즌
2018-05-13 14:00,사직,KT,1,3,롯데,패,승,정규시즌
2018-05-15 18:30,마산,롯데,5,3,NC,승,패,정규시즌
2018-05-17 18:30,마산,롯데,7,0,NC,승,패,정규시즌
2018-05-18 18:30,사직,두산,7,1,롯데,승,패,정규시즌
2018-05-19 17:00,사직,두산,2,15,롯데,패,승,정규시즌
2018-05-20 14:00,사직,두산,7,6,롯데,승,패,정규시즌
2018-05-22 14:00,대구,롯데,4,10,삼성,패,승,정규시즌
2018-05-23 18:30,대구,롯데,4,6,삼성,패,승,정규시즌
2018-05-24 18:30,대구,롯데,2,9,삼성,패,승,정규시즌
2018-05-25 18:30,고척,롯데,2,13,넥센,패,승,정규시즌
2018-05-26 17:00,고척,롯데,2,3,넥센,패,승,정규시즌
2018-05-27 14:00,고척,롯데,6,4,넥센,승,패,정규시즌
2018-05-29 18:30,사직,LG,5,3,롯데,승,패,정규시즌
2018-05-30 18:30,사직,LG,15,5,롯데,승,패,정규시즌
2018-05-31 18:30,사직,LG,11,10,롯데,승,패,정규시즌
2018-06-01 18:30,사직,한화,13,6,롯데,승,패,정규시즌
2018-06-02 17:00,사직,한화,3,2,롯데,승,패,정규시즌
2018-06-03 17:00,사직,한화,0,6,롯데,패,승,정규시즌
2018-06-05 18:30,마산,롯데,12,6,NC,승,패,정규시즌
2018-06-06 17:00,마산,롯데,10,5,NC,승,패,정규시즌
2018-06-07 18:30,마산,롯데,4,5,NC,패,승,정규시즌
2018-06-08 18:30,사직,기아,6,9,롯데,패,승,정규시즌
2018-06-09 17:00,사직,기아,7,5,롯데,승,패,정규시즌
2018-06-12 18:30,사직,삼성,4,2,롯데,승,패,정규시즌
2018-06-13 18:30,사직,삼성,9,10,롯데,패,승,정규시즌
2018-06-14 18:30,사직,삼성,11,9,롯데,승,패,정규시즌
2018-06-15 18:30,문학,롯데,14,6,SK,승,패,정규시즌
2018-06-16 17:00,문학,롯데,9,3,SK,승,패,정규시즌
2018-06-17 17:00,문학,롯데,13,7,SK,승,패,정규시즌
2018-06-19 18:30,수원,롯데,9,7,KT,승,패,정규시즌
2018-06-20 18:30,수원,롯데,11,4,KT,승,패,정규시즌
2018-06-21 18:30,수원,롯데,5,5,KT,무,무,정규시즌
2018-06-22 18:30,잠실,롯데,1,2,LG,패,승,정규시즌
2018-06-23 17:00,잠실,롯데,8,18,LG,패,승,정규시즌
2018-06-24 17:00,잠실,롯데,2,2,LG,무,무,정규시즌
2018-06-26 18:30,사직,넥센,9,3,롯데,승,패,정규시즌
2018-06-27 18:30,사직,넥센,8,9,롯데,패,승,정규시즌
2018-06-28 18:30,사직,넥센,6,8,롯데,패,승,정규시즌
2018-06-29 18:30,대전,롯데,2,5,한화,패,승,정규시즌
2018-06-30 17:00,대전,롯데,5,6,한화,패,승,정규시즌
2018-07-04 18:30,사직,두산,7,4,롯데,승,패,정규시즌
2018-07-05 18:30,사직,두산,9,2,롯데,승,패,정규시즌
2018-07-06 18:30,사직,KT,9,11,롯데,패,승,정규시즌
2018-07-07 18:00,사직,KT,9,1,롯데,승,패,정규시즌
2018-07-08 18:00,사직,KT,5,10,롯데,패,승,정규시즌
2018-07-10 18:30,포항,롯데,3,6,삼성,패,승,정규시즌
2018-07-11 18:30,포항,롯데,2,4,삼성,패,승,정규시즌
2018-07-12 18:30,포항,롯데,4,8,삼성,패,승,정규시즌
2018-07-17 18:30,잠실,롯데,12,6,두산,승,패,정규시즌
2018-07-18 18:30,잠실,롯데,4,5,두산,패,승,정규시즌
2018-07-19 18:30,잠실,롯데,1,7,두산,패,승,정규시즌
2018-07-20 18:30,사직,SK,6,2,롯데,승,패,정규시즌
2018-07-21 18:00,사직,SK,4,3,롯데,승,패,정규시즌
2018-07-22 18:00,사직,SK,4,12,롯데,패,승,정규시즌
2018-07-24 18:30,사직,NC,3,2,롯데,승,패,정규시즌
2018-07-25 18:30,사직,NC,9,6,롯데,승,패,정규시즌
2018-07-26 18:30,사직,NC,1,13,롯데,패,승,정규시즌
2018-07-27 18:30,고척,롯데,9,2,넥센,승,패,정규시즌
2018-07-28 18:00,고척,롯데,11,7,넥센,승,패,정규시즌
2018-07-29 18:00,고척,롯데,4,3,넥센,승,패,정규시즌
2018-07-31 18:30,광주,롯데,1,4,기아,패,승,정규시즌
2018-08-01 18:30,광주,롯데,1,8,기아,패,승,정규시즌
2018-08-02 18:30,광주,롯데,9,6,기아,승,패,정규시즌
2018-08-04 18:00,사직,삼성,4,5,롯데,패,승,정규시즌
2018-08-05 18:00,사직,삼성,8,2,롯데,승,패,정규시즌
2018-08-07 18:30,울산,LG,3,4,롯데,패,승,정규시즌
2018-08-08 18:30,울산,LG,1,2,롯데,패,승,정규시즌
2018-08-09 18:30,광주,롯데,11,4,기아,승,패,정규시즌
2018-08-11 18:00,잠실,롯데,2,5,두산,패,승,정규시즌
2018-08-12 18:00,잠실,롯데,12,11,두산,승,패,정규시즌
2018-08-14 18:30,사직,한화,4,9,롯데,패,승,정규시즌
2018-08-16 18:30,사직,기아,6,8,롯데,패,승,정규시즌
2018-09-04 18:30,대전,롯데,4,6,한화,패,승,정규시즌
2018-09-05 18:30,대전,롯데,5,11,한화,패,승,정규시즌
2018-09-06 18:30,울산,SK,0,10,롯데,패,승,정규시즌
2018-09-07 18:30,울산,SK,3,0,롯데,승,패,정규시즌
2018-09-08 17:00,마산,롯데,1,7,NC,패,승,정규시즌
2018-09-09 14:00,마산,롯데,3,11,NC,패,승,정규시즌
2018-09-11 18:30,사직,두산,17,4,롯데,승,패,정규시즌
2018-09-12 18:30,사직,두산,13,9,롯데,승,패,정규시즌
2018-09-14 18:30,사직,기아,9,5,롯데,승,패,정규시즌
2018-09-15 17:00,사직,넥센,6,5,롯데,승,패,정규시즌
2018-09-16 14:00,사직,넥센,2,0,롯데,승,패,정규시즌
2018-09-18 18:30,잠실,롯데,4,1,LG,승,패,정규시즌
2018-09-19 18:30,잠실,롯데,15,11,LG,승,패,정규시즌
2018-09-20 18:30,사직,KT,10,11,롯데,패,승,정규시즌
2018-09-22 17:00,대구,롯데,5,2,삼성,승,패,정규시즌
2018-09-23 14:00,대구,롯데,2,5,삼성,패,승,정규시즌
2018-09-25 14:00,사직,NC,7,8,롯데,패,승,정규시즌
2018-09-26 14:00,사직,NC,7,10,롯데,패,승,정규시즌
2018-09-27 18:30,고척,롯데,8,6,넥센,승,패,정규시즌
2018-09-28 18:30,고척,롯데,8,9,넥센,패,승,정규시즌
2018-09-29 17:00,수원,롯데,8,3,KT,승,패,정규시즌
2018-09-30 14:00,수원,롯데,8,7,KT,승,패,정규시즌
2018-10-02 18:30,문학,롯데,8,6,SK,승,패,정규시즌
2018-10-03 14:00,대전,롯데,6,7,한화,패,승,정규시즌
2018-10-04 18:30,대전,롯데,7,2,한화,승,패,정규시즌
2018-10-06 17:00,사직,한화,5,8,롯데,패,승,정규시즌
2018-10-07 14:00,마산,롯데,8,2,NC,승,패,정규시즌
2018-10-09 14:00,사직,기아,10,11,롯데,패,승,정규시즌
2018-10-10 15:00,사직,KT,10,1,롯데,승,패,정규시즌
2018-10-10 18:22,사직,KT,7,0,롯데,승,패,정규시즌
2018-10-11 18:30,광주,롯데,4,0,기아,승,패,정규시즌
2018-10-12 18:30,광주,롯데,4,6,기아,패,승,정규시즌
2018-10-13 17:00,광주,롯데,5,1,기아,승,패,정규시즌
2018-10-14 14:00,사직,두산,5,1,롯데,승,패,정규시즌
